encoder,N,seed,acc
dinov3b,3000,0,25.3
dinov3b,3000,1,24.462
dinov3b,3000,2,28.375
dinov3b,3000,3,25.4
dinov3b,3000,4,27.0
dinov3b,3000,5,23.712
dinov3b,3000,6,25.4
dinov3b,3000,7,26.9
dinov3b,10000,0,32.575
dinov3b,10000,1,30.125
dinov3b,10000,2,24.85
dinov3b,10000,3,29.025
dinov3b,10000,4,30.775
dinov3b,10000,5,31.25
dinov3b,10000,6,23.588
dinov3b,10000,7,27.112
dinov3b,30000,0,39.325
dinov3b,30000,1,40.1
dinov3b,30000,2,39.55
dinov3b,30000,3,33.4
dinov3b,30000,4,41.375
dinov3b,30000,5,34.4
dinov3b,30000,6,36.325
dinov3b,30000,7,35.625
dinov3b,100000,0,59.925
dinov3b,100000,1,52.912
dinov3b,100000,2,53.562
dinov3b,100000,3,51.7
dinov3b,100000,4,53.15
dinov3b,100000,5,56.0
dinov3b,100000,6,55.088
dinov3b,100000,7,50.388
dinov3b,300000,0,66.95
dinov3b,300000,1,65.812
dinov3b,300000,2,65.037
dinov3b,300000,3,70.112
dinov3b,300000,4,65.287
dinov3b,1000000,0,79.888
dinov3b,1000000,1,80.225
dinov3b,1000000,2,78.725
dinov3b,1686105,0,82.05
dinov3b,1686105,1,82.338
dinov3b,1686105,2,82.575
dinov3l,3000,0,26.988
dinov3l,3000,1,24.675
dinov3l,3000,2,27.062
dinov3l,3000,3,28.512
dinov3l,3000,4,25.5
dinov3l,3000,5,24.15
dinov3l,3000,6,28.05
dinov3l,3000,7,31.05
dinov3l,10000,0,35.625
dinov3l,10000,1,31.712
dinov3l,10000,2,38.262
dinov3l,10000,3,43.175
dinov3l,10000,4,32.962
dinov3l,10000,5,33.0
dinov3l,10000,6,34.012
dinov3l,10000,7,27.35
dinov3l,30000,0,46.412
dinov3l,30000,1,46.138
dinov3l,30000,2,37.175
dinov3l,30000,3,47.0
dinov3l,30000,4,39.688
dinov3l,30000,5,40.512
dinov3l,30000,6,48.575
dinov3l,30000,7,41.562
dinov3l,100000,0,65.95
dinov3l,100000,1,63.988
dinov3l,100000,2,53.312
dinov3l,100000,3,54.05
dinov3l,100000,4,54.125
dinov3l,100000,5,63.175
dinov3l,100000,6,60.862
dinov3l,100000,7,66.238
dinov3l,300000,0,71.25
dinov3l,300000,1,76.275
dinov3l,300000,2,73.25
dinov3l,300000,3,79.25
dinov3l,300000,4,72.512
dinov3l,1000000,0,83.375
dinov3l,1000000,1,84.188
dinov3l,1000000,2,82.35
dinov3l,1686105,0,84.888
dinov3l,1686105,1,85.0
dinov3l,1686105,2,84.288
dinov3s,3000,0,28.25
dinov3s,3000,1,24.775
dinov3s,3000,2,24.125
dinov3s,3000,3,28.425
dinov3s,3000,4,24.288
dinov3s,3000,5,24.912
dinov3s,3000,6,21.925
dinov3s,3000,7,25.975
dinov3s,10000,0,31.038
dinov3s,10000,1,30.325
dinov3s,10000,2,24.95
dinov3s,10000,3,34.4
dinov3s,10000,4,27.162
dinov3s,10000,5,32.912
dinov3s,10000,6,29.738
dinov3s,10000,7,30.55
dinov3s,30000,0,37.562
dinov3s,30000,1,36.088
dinov3s,30000,2,37.412
dinov3s,30000,3,35.6
dinov3s,30000,4,28.062
dinov3s,30000,5,44.125
dinov3s,30000,6,32.862
dinov3s,30000,7,32.112
dinov3s,100000,0,44.138
dinov3s,100000,1,39.512
dinov3s,100000,2,41.962
dinov3s,100000,3,45.3
dinov3s,100000,4,45.1
dinov3s,100000,5,45.488
dinov3s,100000,6,40.312
dinov3s,100000,7,46.55
dinov3s,300000,0,55.35
dinov3s,300000,1,57.388
dinov3s,300000,2,53.25
dinov3s,300000,3,55.288
dinov3s,300000,4,62.012
dinov3s,1000000,0,69.288
dinov3s,1000000,1,66.662
dinov3s,1000000,2,70.275
dinov3s,1686105,0,71.45
dinov3s,1686105,1,72.6
dinov3s,1686105,2,73.038
dinov3s,1686105,3,71.95
dinov3s,1686105,4,72.5
vitb_bv,3000,0,24.325
vitb_bv,3000,1,23.725
vitb_bv,3000,2,24.65
vitb_bv,3000,3,25.075
vitb_bv,3000,4,26.212
vitb_bv,3000,5,27.025
vitb_bv,3000,6,24.775
vitb_bv,3000,7,25.412
vitb_bv,10000,0,27.05
vitb_bv,10000,1,25.312
vitb_bv,10000,2,28.762
vitb_bv,10000,3,25.975
vitb_bv,10000,4,25.275
vitb_bv,10000,5,23.675
vitb_bv,10000,6,25.462
vitb_bv,10000,7,22.8
vitb_bv,30000,0,25.575
vitb_bv,30000,1,28.575
vitb_bv,30000,2,24.012
vitb_bv,30000,3,25.212
vitb_bv,30000,4,24.875
vitb_bv,30000,5,25.75
vitb_bv,30000,6,28.112
vitb_bv,30000,7,30.362
vitb_bv,100000,0,30.488
vitb_bv,100000,1,35.788
vitb_bv,100000,2,29.375
vitb_bv,100000,3,34.438
vitb_bv,100000,4,24.938
vitb_bv,100000,5,37.362
vitb_bv,100000,6,32.513
vitb_bv,100000,7,29.662
vitb_bv,300000,0,32.513
vitb_bv,300000,1,38.188
vitb_bv,300000,2,32.725
vitb_bv,300000,3,36.962
vitb_bv,300000,4,38.588
vitb_bv,1000000,0,44.525
vitb_bv,1000000,1,46.2
vitb_bv,1000000,2,46.712
vitb_bv,1686105,0,50.512
vitb_bv,1686105,1,47.1
vitb_bv,1686105,2,47.738
vitl_bv,3000,0,25.375
vitl_bv,3000,1,23.462
vitl_bv,3000,2,23.838
vitl_bv,3000,3,27.012
vitl_bv,3000,4,25.888
vitl_bv,3000,5,26.612
vitl_bv,3000,6,25.8
vitl_bv,3000,7,27.412
vitl_bv,10000,0,26.488
vitl_bv,10000,1,32.812
vitl_bv,10000,2,25.475
vitl_bv,10000,3,23.588
vitl_bv,10000,4,23.325
vitl_bv,10000,5,22.962
vitl_bv,10000,6,24.075
vitl_bv,10000,7,24.162
vitl_bv,30000,0,23.1
vitl_bv,30000,1,30.338
vitl_bv,30000,2,28.5
vitl_bv,30000,3,27.438
vitl_bv,30000,4,26.2
vitl_bv,30000,5,28.75
vitl_bv,30000,6,27.612
vitl_bv,30000,7,27.762
vitl_bv,100000,0,26.388
vitl_bv,100000,1,39.35
vitl_bv,100000,2,28.1
vitl_bv,100000,3,25.35
vitl_bv,100000,4,28.138
vitl_bv,100000,5,30.738
vitl_bv,100000,6,29.65
vitl_bv,100000,7,36.638
vitl_bv,300000,0,37.262
vitl_bv,300000,1,37.5
vitl_bv,300000,2,37.688
vitl_bv,300000,3,36.012
vitl_bv,300000,4,35.125
vitl_bv,1000000,0,42.588
vitl_bv,1000000,1,43.925
vitl_bv,1000000,2,43.075
vitl_bv,1686105,0,47.975
vitl_bv,1686105,1,48.062
vitl_bv,1686105,2,47.038
vitl_bv,1686105,3,47.512
vitl_bv,1686105,4,48.088
vits_bv,3000,0,27.638
vits_bv,3000,1,25.925
vits_bv,3000,2,25.425
vits_bv,3000,3,23.325
vits_bv,3000,4,27.075
vits_bv,3000,5,27.038
vits_bv,3000,6,23.825
vits_bv,3000,7,26.45
vits_bv,10000,0,25.788
vits_bv,10000,1,25.0
vits_bv,10000,2,26.7
vits_bv,10000,3,25.625
vits_bv,10000,4,27.525
vits_bv,10000,5,27.588
vits_bv,10000,6,25.062
vits_bv,10000,7,24.325
vits_bv,30000,0,26.962
vits_bv,30000,1,27.55
vits_bv,30000,2,18.562
vits_bv,30000,3,26.262
vits_bv,30000,4,31.912
vits_bv,30000,5,26.912
vits_bv,30000,6,26.288
vits_bv,30000,7,26.888
vits_bv,100000,0,29.35
vits_bv,100000,1,30.888
vits_bv,100000,2,33.05
vits_bv,100000,3,31.5
vits_bv,100000,4,31.425
vits_bv,100000,5,28.55
vits_bv,100000,6,35.112
vits_bv,100000,7,36.088
vits_bv,300000,0,34.562
vits_bv,300000,1,40.65
vits_bv,300000,2,25.762
vits_bv,300000,3,36.512
vits_bv,300000,4,37.425
vits_bv,1000000,0,41.625
vits_bv,1000000,1,42.7
vits_bv,1000000,2,38.325
vits_bv,1686105,0,37.3
vits_bv,1686105,1,38.45
vits_bv,1686105,2,39.588
