"user_id","run_id","dataset","language","score","score_se","age","num_attempted","adaptive"
"Dq45fla7GZy8pTetuOaj","UHSpEIZDzLdyes3sOs1W","pilot_western_ca_main","en-US",-0.19,0.4,7,60,TRUE
"Ag2JMyOh89swTZM1cLZh","64gTQXEwTNPWTQg0ADeF","pilot_western_ca_main","en-US",-0.86,0.36,6,68,TRUE
"JBnYuzKwGOj33HlbIwmG","stWHaHzNEXs2snR5noY9","pilot_western_ca_main","en-US",-1.5,0.33,6.8,74,TRUE
"dUnEU1Dk18GIqWdIWWnU","SKxjbirfMmrT1Cd2ofPJ","pilot_western_ca_main","en-US",-0.88,0.37,5.5,60,TRUE
"K8go9epnJ7EekcJs3Pur","Fr8WXGkRaLi8GHnOeMQD","pilot_western_ca_main","en-US",-1.68,0.32,5.8,89,TRUE
"9sj1XfTKcE8LPC1m8Y5v","T535BKnQvItTfyfQavLZ","pilot_western_ca_main","en-US",0.31,0.42,6.4,43,TRUE
"AgstWPo9ckHKHutz7AAy","hCVi5Z6Jop238pzlDiUH","pilot_western_ca_main","en-US",-1.23,0.36,7,56,TRUE
"hObQbFyGdyDiTyCzkmH3","0BkvlrdEO3ooqlrVhe91","pilot_western_ca_main","en-US",-1.23,0.36,6.5,61,TRUE
"Fvdb4O5LlQzUpzLBMiZS","vv7s3TSAju8AQSJfCjDn","pilot_western_ca_main","en-US",-2.71,0.4,5.4,67,TRUE
"87MvhCJNdpWSkQ3GeOIw","1PhDFHmGKj8ElCzv6wTq","pilot_western_ca_main","en-US",0.12,0.39,7.7,51,TRUE
"IHfdGyDsrgvZO4W9e7md","hq35qBABaawuRpnfCkHm","pilot_western_ca_main","en-US",-1.51,0.38,12.6,51,TRUE
"7kJYEwSVJOT7Szbdxjx8","cdciSlFYI5tXBJrbFr7T","pilot_western_ca_main","en-US",-2.51,0.36,7.1,66,TRUE
"kANvp1nRXUcIVuiGv0xO","pGkb05n8BYoFN6b5i236","pilot_western_ca_main","en-US",-2.49,0.37,5.5,77,TRUE
"lc7fwI0lyBuN8LVdztOZ","QkmSa5M84HwfSvNEtF3e","pilot_western_ca_main","en-US",-3.34,0.43,6.5,84,TRUE
"EggCdbIdGsnBcuNPtPet","QCtTUQ5HU3Of9sIzGcHi","pilot_western_ca_main","en-US",-1.13,0.55,5.8,24,TRUE
"Q53zLxnpAgFXai8df3DK","UWmhNr4fdoye7DhvMeZF","pilot_western_ca_main","en-US",0.25,0.42,6.6,43,TRUE
"YEVwOoD6x9tCw5D64pA2","wBMwInR8xwf5ilxw9Exe","pilot_western_ca_main","en-US",-1.87,0.37,5.7,55,TRUE
"ULktxKXoPhE6fKLP8PmL","xkajgIwLcwdFIIUTWVHI","pilot_western_ca_main","en-US",0.85,0.78,6.6,20,TRUE
"EZTo2p4fIYWmNN6KzGRe","diBNzc79FwUUWQS7mDLS","pilot_western_ca_main","en-US",-0.33,0.39,6.6,46,TRUE
"9wn3CEWfvEXGe0sPgxCr","pM3Ht36UrfDDHhVndwt4","pilot_western_ca_main","en-US",-2.27,0.46,6.3,36,TRUE
"C0lmZvANktAueDqkSF0v","cYgvmPB39GIGAVrf89Ba","pilot_western_ca_main","en-US",-0.42,0.35,6,60,TRUE
"qZTJ9xGffq7UQS0ydEsy","EpgHbSkGsn1VTmgaYEme","pilot_western_ca_main","en-US",-0.02,0.37,7,59,TRUE
"CnyHY3XaQOfMyODXXV73","LRaDWzJ4S7PZKbNaD2dq","pilot_western_ca_main","en-US",-0.52,0.53,7.5,29,TRUE
"3zVkvgDIPIR8sKgPaYtq","3TXh7DVdFC1SQcNdNb02","pilot_western_ca_main","en-US",-0.1,0.82,11.6,12,TRUE
"QDsuISzwGTOFaGtoaaHd","NSE1I3WwJk3rLRa9xXKe","pilot_western_ca_main","en-US",-1.28,0.34,12.6,67,TRUE
"R7NmxKP068PsCzXhOMpv","CqrPUn1Zg4ls20vWV6AS","pilot_western_ca_main","en-US",-0.75,0.38,6.5,56,TRUE
"ldWYPVfOXiPWdaQSwtup","oXKHCPm70UAxsM1psyRW","pilot_western_ca_main","en-US",-0.38,0.33,6.4,68,TRUE
"dw5Lm1FH9hY4eGpOddtB","O01Ww6FBowaHl7or7NRm","pilot_western_ca_main","en-US",0.34,0.45,8,51,TRUE
"6DxuHk9CCWhtvMrEySLb","ve3YgEabtL2DMoW4dxih","pilot_western_ca_main","en-US",-0.46,0.42,9.9,47,TRUE
"5bShSQJUwaG7lIqZ6fzs","bvlKFZQoMtwhkc6tzUWw","pilot_western_ca_main","en-US",1.37,0.61,12.8,33,TRUE
"EyRMFEJvpwX2xx4i4oLk","OUMhhW1o37yVDh4mPMil","pilot_western_ca_main","en-US",2.03,0.48,11.9,45,TRUE
"Wh2N9ihJ8XNHffYiFQPV","ahxL1yPGNMVcO2vqoMam","pilot_western_ca_main","en-US",-0.07,0.4,8.1,60,TRUE
"mi1BVahrNUX66yaTTxxH","Sjr7zUz8SgTzUzjiYjZJ","pilot_western_ca_main","en-US",-0.17,0.32,9.8,80,TRUE
"BTvVlbDcOhkRa9mZrI2i","gjWPnxezMVpqeVGUtyks","pilot_western_ca_main","en-US",0.02,0.4,9.2,52,TRUE
"Yjq7Jxhg9I02MjakBhHT","He173jSWjXuLbqPY9Von","pilot_western_ca_main","en-US",1.31,0.52,12.1,35,TRUE
"08JcpMWL9gFwxNqry7sA","JwZaF740yNgv6H2bTUii","pilot_western_ca_main","en-US",1.74,0.8,10.7,18,TRUE
"Ip3nv7sCA9Q8kw18v5nU","D7eEq9aeVVh41yQZvCsx","pilot_western_ca_main","en-US",0.87,0.4,10.8,55,TRUE
"nBBZ5SNX09w3WOVDWgJz","OU1FO0wY99DjKXSE8DOI","pilot_western_ca_main","en-US",0.09,0.44,9,39,TRUE
"HCv5SVzbrug6Tdwt4edf","PmAXa1qqEiI9OyT8QaVt","pilot_western_ca_main","en-US",0.46,0.41,9.5,46,TRUE
"XL9AiPI49TDZhjtUoDNN","WOsMBVPSHRwZslAH9JYX","pilot_western_ca_main","en-US",2.5,0.47,9.3,52,TRUE
"rnFaSVKD0fvdT22vwys4","HIXVJQbZfG1ZzCBmPutj","pilot_western_ca_main","en-US",0.41,0.43,8.6,43,TRUE
"xa4ZDadXSIMJvpIGvl0M","IHd61GJtklgtdAm6ACXW","pilot_western_ca_main","en-US",2.05,0.4,10.7,68,TRUE
"gvYNkswITCYZYKUbm45H","oHOe37uqh1houCDkDKjS","pilot_western_ca_main","en-US",-0.12,0.4,10.2,62,TRUE
"IdJSBNV7hhdKi4158PpG","EpqtxHu2vaihXx6KT7pW","pilot_western_ca_main","en-US",-0.27,0.44,10.7,38,TRUE
"ak3m5ZbPXQ274ytGEa2V","ElJhvgbMWrnhqcIwQWbV","pilot_western_ca_main","en-US",1.21,0.53,9.3,30,TRUE
"9lnbqMlPf0KDxBVeBU2d","itP045iERV75sW3KVa6E","pilot_western_ca_main","en-US",0.48,0.6,10.2,22,TRUE
"xC1ngeRpvNfHZCScfNMs","edHN8srUu0n3796tknLy","pilot_western_ca_main","en-US",2.21,0.43,11.5,51,TRUE
"flAV0xu43k0XQzVe9krp","vcU18YsGDrVFUJtTJ8eH","pilot_western_ca_main","en-US",0.74,0.3,7.7,170,FALSE
"nbtS7DL4kZ0tIFh4CY7i","1SAJYGmg1LfelXoURI6u","pilot_western_ca_main","en-US",0.22,0.44,8.1,42,TRUE
"VoJ2e0xdDJzjLYj1Q7Ec","luT2nb41Ri10blnRAeB5","pilot_western_ca_main","en-US",1.94,0.44,10.8,48,TRUE
"XBQzGK6JA2CXj5oPVpNB","8hPYUMI7viJu8NGy8Im8","pilot_western_ca_main","en-US",-0.35,0.3,10.8,126,FALSE
"HTGMsmhDeAf8hlnVE4Iv","cZyyuaeIKwjsO9HOOrSo","pilot_western_ca_main","en-US",1.82,0.34,11.2,169,FALSE
"UdjgwjqQXQBiT5BMSkMd","mHDymRWhzC0OXeMNMfzI","pilot_western_ca_main","en-US",0.11,0.31,9.1,147,FALSE
"02RDD9fhv6cfYuZ2UJJX","O5srGuFr6a2MXMUEJrbX","pilot_western_ca_main","en-US",-2.83,0.72,6.6,16,FALSE
"3xDxQfAlmAs7wvrKzSVT","Q1UGZNKXrNOzQZoqgvbD","pilot_western_ca_main","en-US",-0.1,0.35,12.7,73,TRUE
"0nF5OLEb8RXUcttwmHmm","8yXci2gyw43H5oOFJevs","pilot_western_ca_main","en-US",-0.1,0.43,9.1,60,TRUE
"k8HGP8CWWmi7YRH3owBH","RHPrO0kilM6DrYezuGMD","pilot_western_ca_main","en-US",1.74,0.4,10.8,64,TRUE
"i3Rpf9T5W1Yg7ri7B3OB","Lq6lxNfkJt6pDxJRQNZp","pilot_western_ca_main","en-US",2.01,0.34,7.6,169,FALSE
"yubvyRClJMJTMFupiSrZ","5O4zJYz9NVRtdEwtbEc6","pilot_western_ca_main","en-US",-2.98,0.4,5.6,89,TRUE
"zrqxBMd89B0qzFh3LWdR","610fRVnoVNICANl39Igm","pilot_western_ca_main","en-US",-1.76,0.32,5.3,85,TRUE
"tnX52dmi57RLsmXbb482","dG8i7RMGQ0i1h8ElCEHk","pilot_western_ca_main","en-US",-1.32,0.37,5.5,56,TRUE
"xwpZp3o5Yqo0b7swT2LB","UPZwoVAyogmfljC65IZw","pilot_western_ca_main","en-US",-0.28,0.43,8.9,42,TRUE
"RTTju9dVDaHjoaKgndzb","B2mDyJI1rNheQQ7nhNpr","pilot_western_ca_main","en-US",-0.5,0.37,6.6,54,TRUE
"5F2G9mIBvuCY7p1i1xAI","gjwjoduT8of0nFaYwvh5","pilot_western_ca_main","en-US",-1.04,0.35,6.7,63,TRUE
"3j3tNGWOYo3qxIJrWZrg","PzX5cwtjzijVf8hQcxuU","pilot_western_ca_main","en-US",-0.81,0.36,6.7,54,TRUE
"N8MRgIDCaFyJcagy67ru","sIEniVujv1TRzeWecJsG","pilot_western_ca_main","en-US",-0.86,0.42,7.5,43,TRUE
"mWtLUnRVXXAsCYL0NM3t","eEMXIyV93xgaxPaSF2Xs","pilot_western_ca_main","en-US",-1.14,0.35,7.6,66,TRUE
"plMTu7nz48WRicnKCXPk","X2U3qFC8NaVfzMOvjClI","pilot_western_ca_main","en-US",-1.01,0.67,5.9,30,TRUE
"FJ0by1B7Us6foNnGkvOk","GtGOl7F4W8L7qQ0iV5sV","pilot_western_ca_main","en-US",0.69,0.46,9.9,42,TRUE
"bcZ0bBxI6DLxwRJSG4Ka","yaih8jZdUuh2ole37gEf","pilot_western_ca_main","en-US",0.84,0.4,8.3,56,TRUE
"PT3KQ6jZJBgjbf24zf97","A0VPHviSLmZcNaPWnqPW","pilot_western_ca_main","en-US",-0.53,0.35,6.4,64,TRUE
"VZTtm2sGvQhNV1b9nYyv","PfxLHPpoPE2FurCSREoP","pilot_western_ca_main","en-US",-2,0.71,6.9,24,TRUE
"fUpYo95ug20usDK8YD0l","KiTpL3uzjzKYFIg3vXPQ","pilot_western_ca_main","en-US",-0.99,0.33,7.4,73,TRUE
"4xRUo7P2V6Y6im7RK0Z3","hKQGZE8tQOmGXUBJfWPw","pilot_western_ca_main","en-US",-0.34,0.38,6.4,55,TRUE
"XBQzGK6JA2CXj5oPVpNB","M4oZ8wv8lzUSZnw77SNS","pilot_western_ca_main","en-US",-0.19,0.62,10.6,25,FALSE
"DZSUhgfnpQvkB5Q8iZnk","hRL1XRrEDZY0wG2cow0C","pilot_western_ca_main","en-US",0.51,0.37,6.2,68,TRUE
"NxYnKUk2KeLDQvTJzY4d","LhAmPCSeHLFVwvkNlMz2","pilot_western_ca_main","en-US",-0.87,0.31,6.5,122,FALSE
"pKF5LV3VODHU35z9NQOQ","pn3eG90OCMI59D06poA4","pilot_western_ca_main","en-US",-1.56,0.33,5.3,75,TRUE
"EASbrW0Hxb0UZdRXF9ca","xcMyGM6Pc1TgM0shLJvK","pilot_western_ca_main","en-US",-1.76,0.38,5.5,55,TRUE
"EjEvpLkWaa0taPlcRVcf","Cpxn2sekGE047yn6Iwd2","pilot_western_ca_main","en-US",0.18,0.47,7.2,40,TRUE
"0wK6qddm0kbH03JTvCYP","gom81P8RzkRDxrCnXpCK","pilot_western_ca_main","en-US",-1.16,0.35,5,57,TRUE
"dA7TZFZyRQMmBIxCjM8w","fh9PEHJHsQClyOV8ebqj","pilot_western_ca_main","en-US",-0.7,0.45,7.7,45,TRUE
"415A9eRgKYEKV83A8f5t","0eLcwN6d8wE7XA9zJ16V","pilot_western_ca_main","en-US",-1.55,0.49,6.6,29,TRUE
"kysw6JeecqwS1wuhTb4s","iMDsHtgZO7vSSB8kUswm","pilot_western_ca_main","en-US",-2.18,0.36,5.8,74,TRUE
"pJJ9pmJqROmE9sSHVeWe","bk1d5rzMBLcmKsIZCXYu","pilot_western_ca_main","en-US",0.39,0.39,7.5,56,TRUE
"ZXtzdjGCJCAsQVAHdEZi","5ntw7mOHSUhX5Y4OqYx8","pilot_western_ca_main","en-US",-1.39,0.36,6.1,58,TRUE
"8bQiywe2GpHxcLKPOt3p","wdFOT9iyCY1SVyYdkTfj","pilot_western_ca_main","en-US",-0.63,0.45,6.7,39,TRUE
"aaBL5ZHYE20IJzqYjCzG","jKo06zGUIw8uf5V4BnfI","pilot_western_ca_main","en-US",1.18,0.39,7.6,56,TRUE
"zKQC5plFG2Tgmq6MSfq2","n3r9XMMSYefY06CsRu8x","pilot_western_ca_main","en-US",-0.34,0.36,6.9,59,TRUE
"ebeN4Q26BtEsBr9Erurp","m4ph1fcrTkEtysuaChRM","pilot_western_ca_main","en-US",0.81,0.39,8.9,54,TRUE
"LQmMTjpV5Y7Dkovl9AQR","VUKvTezHs7tkMKS2oLh1","pilot_western_ca_main","en-US",1.97,0.45,10.7,52,TRUE
"6p0Ljc7ZSXvSYleaU3kx","xMKoInahi6QCFK1Zw5zd","pilot_western_ca_main","en-US",1.44,0.68,8.9,20,TRUE
"XBQzGK6JA2CXj5oPVpNB","jsWPLnke59CPff0vonNw","pilot_western_ca_main","en-US",1.64,0.47,11.6,41,TRUE
"0WEAtT0kQh1ZkrEs8Qj6","a6C9FJioESPQEdhkXFTu","pilot_western_ca_main","en-US",0.97,0.41,9.2,55,TRUE
"oLCjqFwPbfZuQleaFQlB","VIPQzAhzfjCX2E313pdJ","pilot_western_ca_main","en-US",-0.22,0.45,9.7,37,TRUE
"h0b2wBGOyyQYL25P86mJ","hprsnmPZxLIFWWGyB7FI","pilot_western_ca_main","en-US",0.69,0.39,8.7,51,TRUE
"M6QdEzgZGiJlbC8JolmZ","9w0tIsteAi7NJ6rdpuWR","pilot_western_ca_main","en-US",0.92,0.39,13,72,TRUE
"lRjnRwGfWAIk4cPG4OaC","MOMGoFWFse4iDpK1a2y5","pilot_western_ca_main","en-US",1.18,0.45,10.7,48,TRUE
"RpGcGAmMwz2vlKyrtqnk","faJHkI4uZcXYBJDNKDnd","pilot_western_ca_main","en-US",1.51,0.43,10.3,48,TRUE
"sNOKjhkjOJEGZoDcsWce","o2uiOq4tFOnRlnnLjveF","pilot_western_ca_main","en-US",-0.28,0.51,8.7,33,TRUE
"NvrKIVU5l0y9QPjPilxg","V3fuEpqWu3S5kPkNchUY","pilot_western_ca_main","en-US",1.69,0.4,8.5,64,TRUE
"1wD1NoDytLazQ07r2MRo","EMNYavj3NQB7LOSEHX91","pilot_western_ca_main","en-US",0.13,0.45,8.4,36,TRUE
"IX5sqQ2pMVdYM6vwUuIJ","dnpXm3Icq4p94eZKTQju","pilot_western_ca_main","en-US",-0.64,0.45,7.5,36,TRUE
"rFqabJnnpOvdhXws1Lab","nkYttakeIF2hAt2R0hXu","pilot_western_ca_main","en-US",2,0.43,11.3,50,TRUE
"nHKQ5oMfIG7cPqF4oX2d","Ft0BgncH97CYvRwBHZ0u","pilot_western_ca_main","en-US",0.12,0.3,6.9,143,FALSE
"6XdEb9CgjSc4v49teN1N","SE0kVeSV4PPMelu4B37c","pilot_western_ca_main","en-US",-0.01,0.35,11.4,70,TRUE
"5l967S2t5bdqJdZWw6kn","xWgmcNGdVabZMLasWq20","pilot_western_ca_main","en-US",0.73,0.64,9.6,21,TRUE
"MJAuN44EythfDYkRs5D0","F9Jj9ArmWpFsyIohEMz8","pilot_western_ca_main","en-US",0.84,0.4,12.2,60,TRUE
"DQpHyyuXUi0lUlN7MgB4","Tr42VceY4d09NwiAlqxi","pilot_western_ca_main","en-US",0.12,0.42,9.7,47,TRUE
"nEiP2T1PzDX8KHDr4Ekl","aMXkox8JNhLBT1pMPkNB","pilot_western_ca_main","en-US",-1.59,0.32,9.8,82,TRUE
"HTZrYQbPMZbr0NW00p5e","AVd5xnSg0UXDSfQGb5uQ","pilot_western_ca_main","en-US",0.21,0.47,8.5,34,TRUE
"JASMXpcM79KgP0wyONQV","i0VaLQu47faVXhyStcIG","pilot_western_ca_main","en-US",0.9,0.42,9.5,53,TRUE
"INy8bEW9JX1kBONeJ7N0","STiA2GMnEbNiqo3YicNB","pilot_western_ca_main","en-US",0.44,0.51,7.5,33,TRUE
"5kzY7oAVnxuLhjUOwCr3","xxf0gaC1EGEMVYCxTo2K","pilot_western_ca_main","en-US",1.41,0.45,8.4,43,TRUE
"bvdOR50qfHHmPqPOB0NL","XB9RkQF1hIdQ7xG5LCux","pilot_western_ca_main","en-US",-0.26,0.43,7.7,42,TRUE
"JY9C5FQOQEn2pInZzBPg","PUuwWIwUZgGOYChhQTIB","pilot_western_ca_main","en-US",2.09,0.47,10.6,45,TRUE
"JDafgVq9haS7u0p2N7bm","rUFHWyESyZwxpYw4fk60","pilot_western_ca_main","en-US",-0.61,0.38,9.5,52,TRUE
"3da9vDHHLOZpw49VUh38","5p0SQfK1G3VzvOIy5Thr","pilot_western_ca_main","en-US",0.29,0.35,11.4,64,TRUE
"HUw62S8yS9OAUAOJ7892","v3lPzysFwa1mimn3OAPG","pilot_western_ca_main","en-US",-0.01,0.42,10.6,53,TRUE
"xfrb4JPR9p31112E5aug","9llYklEZ3r6ysxPknVG4","pilot_western_ca_main","en-US",-0.97,0.38,8.2,53,TRUE
"ofUEl1kobJc9aZj6dmfc","lYBE4BApo4YtKq6uWd5s","pilot_western_ca_main","en-US",3.48,0.53,12.7,53,TRUE
"sEjDlDV7MAJFI4WoM1TP","iwXSipRsa7fjJV0Iialu","pilot_western_ca_main","en-US",1.11,0.46,8.4,39,TRUE
"xrI5eqgWbqlF1wAJK0hi","LnS7iFw9BqXeqBeqcq2z","pilot_western_ca_main","en-US",0.27,0.39,10.6,49,TRUE
"rhf0Rxwnb1IhB7ZqX3ry","DH9w1vZngP1eEbWVB1v3","pilot_western_ca_main","en-US",-1.47,0.59,5,21,FALSE
"s1woiH3DKHPScxloTkiz","B2nN3je9BvBaHvvUF7wl","pilot_western_ca_main","en-US",2.28,0.36,12.7,170,FALSE
"G38GNycv1M6pfp7RstBJ","WJIaT5h4OuHUWmWdsWpP","pilot_western_ca_main","en-US",0.14,0.31,5.9,145,FALSE
"fVqdh0YuMQaOwHB8GpSe","bdRzjjoxAi941Xlqtl7p","pilot_western_ca_main","en-US",-4.79,0.52,5.5,58,TRUE
"LQmMTjpV5Y7Dkovl9AQR","DqXYomJQNVnWvi5MT4VU","pilot_western_ca_main","en-US",0.86,0.3,9.6,170,FALSE
"NvrKIVU5l0y9QPjPilxg","qmlxgOiU3VTtZxMAVCkY","pilot_western_ca_main","en-US",1.06,0.31,7.5,170,FALSE
"sNOKjhkjOJEGZoDcsWce","nwHzLwEf7Yc6uZAiHsbD","pilot_western_ca_main","en-US",-1.59,0.31,7.7,133,FALSE
"4uULJwlMr560xGA2ziOR","3QZF6KBzF6nkx7fsgyxC","pilot_western_ca_main","en-US",0.16,0.54,10.1,29,TRUE
"EHEJ4LWa1WfCPiMHRx2u","2bpVFyTkJt82ejJwtUo1","pilot_western_ca_main","en-US",0.65,0.36,8.5,63,TRUE
"NLjr4uVR5gmCGPs7KBed","wdbgJAJ5MkhZqw3qgEXx","pilot_western_ca_main","en-US",1.68,0.45,10.6,45,TRUE
"SVYJFUwXRumO2xH65n5q","iQbLGVONhygHfCNIFgm3","pilot_western_ca_main","en-US",1.05,0.66,11.3,33,TRUE
"J2n1ekiZ3RCLj0BHpOio","qarvRApAKsL4Ny5hXHwN","pilot_western_ca_main","en-US",-3.11,0.4,8.3,78,TRUE
"AFSJskfb541D1709Gl9T","H9GCkAHJWQdSYBssLY27","pilot_western_ca_main","en-US",1.27,0.46,12.1,41,TRUE
"pBcolq9M2uGDVpFxaczI","cAdba2y6ZvtSzW9zNQCt","pilot_western_ca_main","en-US",0.11,0.48,9.2,33,TRUE
"vEz14SJE0iN80iDyXii6","mdmwMt0UAPb0q1cgVBQQ","pilot_western_ca_main","en-US",1.31,0.48,8.2,41,TRUE
"D1EI1Uj7rS2jGTgH4lfR","cYdfamgr8qPWh0eEorXQ","pilot_western_ca_main","en-US",1.83,0.54,9.7,34,TRUE
"43q8zrFDwc4WGbmena4o","4RNs9zz5ZsEhF7sF84WA","pilot_western_ca_main","en-US",-0.14,0.47,11.4,36,TRUE
"veduGakKd3V3hbPlWObR","neI79EiMm9GOuUx7tE4h","pilot_western_ca_main","en-US",0.55,0.4,10.1,54,TRUE
"UZr22WJbJRn7eUP0hLO6","hQ1evlofP38KpNiMM4lE","pilot_western_ca_main","en-US",1.38,0.45,11.6,40,TRUE
"jGGCkyVSTSZX1JR9FaE2","EnB5xYs8Dx6DH1wGTPlB","pilot_western_ca_main","en-US",-0.95,0.29,9.8,143,FALSE
"5Xe3FBRTVY7DewJtLych","GBrcIZzexv7oBuff854I","pilot_western_ca_main","en-US",-0.4,0.3,11,135,FALSE
"IvAoqy71fRFIl2ncN0jn","W6aJM4N66dRfe4VfgGND","pilot_western_ca_main","en-US",0.58,0.29,7.4,154,FALSE
"BJJ8phVrTcRA6SP2wnq1","7RR2rDc87s4Z4PAI4ZfA","pilot_western_ca_main","en-US",-1.17,0.3,6.5,120,FALSE
"IdGWnD9eo0wmHOHhONOo","3atkUtdeVFg1YO6EOMwu","pilot_western_ca_main","en-US",0.57,0.35,10.2,76,TRUE
"vSUfCu0eXDXCNNV3BTFA","wJPRO2SspGwUJcrSzGMS","pilot_western_ca_main","en-US",-2.47,0.45,7.4,41,TRUE
"nnaJsSLEY6e0M1PaKeof","qXbRag3YrwXspsxO3juM","pilot_western_ca_main","en-US",-0.5,0.37,6.8,58,TRUE
"uCCHG77KFJgrwaVWOVA8","25SY6hvQSQNozsLPMFYt","pilot_western_ca_main","en-US",-1.32,0.36,5.3,60,TRUE
