word,x,y,pos,count,nn_cos,konkle60
goodness,0.38088262,-16.432621,NOUN,1608,0.17163725,False
eek,-4.947945,-15.87652,NOUN,92,0.169807,False
steak,26.774311,-6.186178,NOUN,76,0.16672367,False
bananas,-13.285564,-7.1951923,NOUN,402,0.16517024,False
yawn,-9.827367,-5.044686,NOUN,83,0.16324449,False
tomorrow,-8.051884,5.118013,NOUN,900,0.16270281,False
heart,16.28149,7.682411,NOUN,653,0.16264378,False
strength,-14.330385,9.832342,NOUN,66,0.16253693,False
rain,7.6362653,-0.9328853,NOUN,608,0.16233785,False
dinosaur,18.099403,-20.603674,NOUN,733,0.16175282,False
carrot,15.361599,0.1808462,NOUN,421,0.16165902,False
present,-25.770613,-8.157537,NOUN,217,0.16127108,False
medicine,9.72506,8.429793,NOUN,245,0.16094072,False
clown,-22.729553,-7.062416,NOUN,77,0.16067868,False
tummy,-4.0468926,2.1631968,NOUN,383,0.16053073,False
weekend,-23.152573,-15.242972,NOUN,262,0.16005583,False
rainbow,-1.630448,11.985901,NOUN,587,0.15995674,False
deer,15.844409,-18.160307,NOUN,130,0.15990037,False
future,-0.25300646,15.450519,NOUN,123,0.15860666,False
pin,-5.1738706,-16.97879,NOUN,94,0.15841357,False
dream,-12.618068,-8.8548155,NOUN,219,0.15808588,False
information,-10.606681,-19.002703,NOUN,70,0.1579413,False
froggy,23.316702,2.8398008,NOUN,128,0.15779434,False
dumpling,-14.287064,13.685419,NOUN,85,0.15732913,False
paws,5.9794574,1.3668301,NOUN,61,0.15711835,False
lip,-7.682814,1.7612284,NOUN,86,0.15693396,False
dishwasher,-4.1878734,2.850215,NOUN,196,0.15655607,False
drill,-10.481642,-18.166248,NOUN,85,0.15649045,False
bathroom,-14.644849,-17.78813,NOUN,581,0.15645538,False
kinds,-4.724631,8.10341,NOUN,144,0.15616226,False
stamp,-1.065869,5.185573,NOUN,80,0.15608571,False
girl,2.6089659,5.102405,NOUN,1842,0.15608425,False
rule,21.368725,-17.732538,NOUN,59,0.15593106,False
costume,14.321568,19.7621,NOUN,76,0.15566896,False
hunt,-6.722589,19.386543,NOUN,112,0.1556434,False
hotel,-5.153333,-20.890116,NOUN,72,0.15558586,False
hospital,16.360853,8.990936,NOUN,114,0.15541439,False
buffalo,4.3233466,-8.785978,NOUN,56,0.1553859,False
museum,-26.335674,-8.214208,NOUN,136,0.155273,False
sheep,15.618897,-4.4642053,NOUN,743,0.15522988,False
birthday,-11.584553,-9.5630865,NOUN,1160,0.15510581,False
animal,-9.639579,16.418383,NOUN,465,0.15498647,False
seconds,-7.848434,5.0687275,NOUN,218,0.15496697,False
bubble,20.927582,-13.4506235,NOUN,538,0.15490507,False
years,-14.89304,6.035577,NOUN,525,0.15469407,False
chin,16.119707,14.7857,NOUN,239,0.15462647,False
position,12.965855,-1.4417263,NOUN,70,0.15449448,False
fairy,1.502068,-6.416508,NOUN,79,0.15448518,False
belly,8.294724,-18.003254,NOUN,777,0.15431757,False
email,11.343893,3.433369,NOUN,112,0.15420012,False
knee,20.54595,-13.369106,NOUN,233,0.15417637,False
peek,9.989672,12.270064,NOUN,1052,0.15395021,False
activity,-20.927526,-1.7167182,NOUN,71,0.15380962,False
plates,-6.3365617,0.72150606,NOUN,84,0.15364766,False
friends,28.411615,0.14725684,NOUN,1066,0.15356849,False
chip,6.0245996,4.5209675,NOUN,394,0.15349774,False
pepperoni,-9.14775,9.801208,NOUN,53,0.15343158,False
course,-16.607037,16.767216,NOUN,423,0.15334146,False
question,-6.9319935,-3.5819383,NOUN,278,0.15333031,False
butterflies,11.330617,11.93825,NOUN,118,0.15326478,False
brothers,-1.8344717,18.949953,NOUN,56,0.15323712,False
broom,0.81303906,27.630678,NOUN,108,0.15289624,False
steam,-23.84679,-7.673197,NOUN,246,0.15267134,False
monster,-21.39917,-0.9238348,NOUN,699,0.15264297,False
lava,10.929678,-7.8929024,NOUN,60,0.1525935,False
dock,-12.63585,-6.497289,NOUN,100,0.1525702,False
gate,-15.209705,13.907849,NOUN,176,0.15255989,False
remote,5.165304,-8.848128,NOUN,176,0.15249877,False
doll,17.522789,-8.004435,NOUN,284,0.152353,True
band,16.016933,6.0474033,NOUN,359,0.15208195,False
barn,24.55401,14.661133,NOUN,118,0.15198268,False
blueberry,-21.93365,3.614251,NOUN,373,0.15185927,False
pizza,12.060991,-9.61547,NOUN,1162,0.151754,True
eggs,-11.408088,-0.21995749,NOUN,1574,0.15172297,False
trip,-8.501898,-6.31871,NOUN,283,0.15170896,False
amount,-4.920615,-20.670746,NOUN,112,0.1515506,False
nurse,-1.9180645,-5.625626,NOUN,58,0.15138371,False
album,12.750051,11.286137,NOUN,84,0.15116818,False
house,25.413118,14.243689,NOUN,2093,0.15109047,False
row,20.020424,2.115205,NOUN,560,0.15104212,False
restaurant,-12.339531,24.56236,NOUN,126,0.15103872,False
lots,15.798213,5.132823,NOUN,556,0.1510049,False
airplane,13.13721,-14.771477,NOUN,334,0.15099113,True
land,-18.390526,-12.88337,NOUN,348,0.1509225,False
trash,0.17477506,-15.96524,NOUN,773,0.15090883,False
whee,-8.238018,1.8280523,NOUN,422,0.15090089,False
thumb,20.239695,-5.6688867,NOUN,143,0.15079708,False
games,20.680395,16.367783,NOUN,168,0.15075783,False
fox,-14.399882,-16.063028,NOUN,437,0.15072285,False
pot,10.443651,7.1910973,NOUN,283,0.15045239,False
gorilla,27.954407,-0.13644396,NOUN,214,0.15044256,False
breeze,-27.163116,-2.1758902,NOUN,53,0.15023158,False
whisper,-12.009519,-26.98046,NOUN,84,0.15021475,False
makeup,4.1410394,11.151124,NOUN,61,0.1501533,False
yoga,-21.570227,18.88246,NOUN,59,0.15003543,False
poops,-4.6201224,7.0268073,NOUN,134,0.14997794,False
cow,11.830974,3.6691687,NOUN,912,0.14992715,False
island,14.644595,-23.889616,NOUN,105,0.14990114,False
marker,-26.333813,9.732559,NOUN,104,0.14989863,False
feelings,-12.89349,15.146497,NOUN,119,0.14986654,False
owls,9.783778,-25.575693,NOUN,75,0.14981945,False
couple,13.192772,15.305308,NOUN,496,0.14979386,False
kitten,7.279033,-1.6962942,NOUN,159,0.14979248,False
mayor,7.8955812,13.105481,NOUN,102,0.1497896,False
dollar,-16.52249,22.391191,NOUN,64,0.14976853,False
nut,14.865224,-17.260654,NOUN,54,0.14970216,False
wood,-10.191585,16.600626,NOUN,216,0.14960119,False
waffle,-10.321656,-9.845132,NOUN,143,0.14957248,False
peach,21.721607,-17.892097,NOUN,204,0.14955984,False
pillow,-6.5795364,-10.955523,NOUN,266,0.14954351,False
violin,-22.53986,13.031614,NOUN,96,0.14953512,False
doggy,-15.099382,-19.152975,NOUN,706,0.1495207,False
peep,-10.932944,-0.8596608,NOUN,175,0.14945935,False
witch,24.881447,8.245591,NOUN,168,0.14938559,False
part,2.3947022,-28.654848,NOUN,1096,0.14934033,False
breakfast,-5.949065,-4.3558354,NOUN,1583,0.14931005,False
room,-19.289179,9.653123,NOUN,1866,0.14925931,False
boats,7.5616198,-18.95168,NOUN,91,0.1492365,False
neighbor,19.900051,5.4705424,NOUN,109,0.14907251,False
forest,20.598898,-0.38293314,NOUN,133,0.14906071,False
nails,12.016897,-0.751892,NOUN,234,0.14899181,False
crackers,15.688866,15.339971,NOUN,248,0.14890653,False
diamond,-15.011917,-12.079482,NOUN,136,0.14888722,False
world,22.115421,2.3673444,NOUN,686,0.1488756,False
salt,8.261466,25.567286,NOUN,261,0.14886159,False
chocolate,14.66625,-24.37027,NOUN,715,0.14880507,False
cell,-27.649368,4.725949,NOUN,108,0.14879656,False
mushrooms,16.776829,-19.20076,NOUN,156,0.14879471,False
woman,-7.3072767,12.376445,NOUN,215,0.14877619,False
chill,10.923928,-5.0862775,NOUN,86,0.14872871,False
pineapple,1.3232131,-27.040909,NOUN,229,0.14868031,False
beans,0.7949738,21.569265,NOUN,411,0.14863767,False
gift,15.3639765,-5.936828,NOUN,181,0.14860417,False
pancakes,-0.36142594,-19.853962,NOUN,781,0.14853486,False
rings,-11.286547,-13.159377,NOUN,126,0.1484644,False
captain,-10.040189,12.55972,NOUN,88,0.1483839,False
camp,8.71604,-17.526606,NOUN,72,0.14835392,False
airport,23.937532,3.3244205,NOUN,76,0.14833777,False
dance,-19.702606,4.3465962,NOUN,1619,0.14821987,False
bar,-0.39878663,-1.1957158,NOUN,318,0.14818776,False
bunch,1.9034526,8.542583,NOUN,319,0.14817338,False
guy,-4.8878837,4.5678263,NOUN,894,0.14799406,False
laundry,4.5998898,-15.164845,NOUN,461,0.147949,False
horn,19.280945,-10.177132,NOUN,155,0.14791426,False
boss,14.912419,0.947742,NOUN,90,0.14787915,False
pipe,-18.66365,-12.46794,NOUN,61,0.14784358,True
bus,-4.207286,-14.419624,NOUN,1279,0.14779247,False
places,-22.515045,8.4884,NOUN,173,0.1476851,False
soup,9.149655,17.632696,NOUN,756,0.14767237,False
fans,-8.354877,-7.215978,NOUN,54,0.14764969,False
doggies,4.0096297,-13.718895,NOUN,254,0.14756192,False
egg,-12.21429,15.734848,NOUN,1196,0.14750527,False
hippo,22.449364,10.049612,NOUN,151,0.14744449,False
elbow,7.242446,12.045846,NOUN,63,0.14739701,False
nanny,-21.295172,-16.031237,NOUN,66,0.14734256,False
video,-28.40901,-2.4577587,NOUN,672,0.14732951,False
carpet,11.570256,-5.1499805,NOUN,120,0.14731066,False
melon,-0.6287299,18.978394,NOUN,173,0.14728345,False
dryer,11.653794,-7.086096,NOUN,128,0.14728154,False
tool,-16.389185,-2.4205694,NOUN,84,0.14719193,False
rainbows,-25.714321,15.878896,NOUN,60,0.14714797,False
zebra,14.215216,24.187649,NOUN,274,0.14701898,False
noodles,9.694976,-6.2377195,NOUN,687,0.14701067,False
parrot,4.4617777,-0.83292866,NOUN,67,0.1470021,False
ribbit,2.889622,16.676226,NOUN,255,0.14691041,False
jungle,7.2659345,7.8043847,NOUN,105,0.1468393,False
leaves,-6.331332,-17.522266,NOUN,340,0.14683652,True
toaster,-10.929191,-19.872911,NOUN,68,0.14683355,False
rocket,11.466867,-14.459062,NOUN,148,0.14677417,False
fan,5.867936,21.40376,NOUN,326,0.14676856,True
treat,-12.389737,-2.372063,NOUN,306,0.14675975,False
lid,7.117384,4.623728,NOUN,341,0.14671658,False
grrr,-16.283884,1.5626309,NOUN,59,0.14670627,False
date,-16.821842,17.274216,NOUN,408,0.14664596,False
plant,-11.501213,-27.339495,NOUN,273,0.14659026,False
flavor,1.6994373,-5.714266,NOUN,123,0.14658739,False
bag,-23.207138,-14.346046,NOUN,1097,0.1465825,False
gum,18.62944,-7.1637073,NOUN,97,0.14653216,False
rolls,-7.400351,19.790606,NOUN,86,0.14649837,False
books,-6.198916,-24.471151,NOUN,1651,0.1464386,False
veggies,-12.350907,3.0394366,NOUN,111,0.14624809,False
scooter,-0.8870991,-7.9169674,NOUN,166,0.14619629,False
tag,-5.173178,0.7319989,NOUN,77,0.1461326,False
life,-5.294522,18.340246,NOUN,530,0.14613165,False
degrees,-0.01537973,9.255379,NOUN,93,0.14602368,False
dishes,-8.758678,-14.611158,NOUN,255,0.14600456,False
flies,-4.026498,9.696297,NOUN,84,0.14598387,False
ladybugs,4.4530964,17.403679,NOUN,69,0.1459819,False
moment,-9.311163,-9.982988,NOUN,242,0.14595224,False
hugs,6.967717,-6.1825843,NOUN,162,0.14590451,False
meatball,-3.7347715,13.269909,NOUN,87,0.14590032,False
minutes,-21.780708,13.271757,NOUN,1325,0.14583175,False
peekaboo,2.2146935,3.622147,NOUN,398,0.14582054,False
boogers,-6.0438886,25.215477,NOUN,69,0.14579868,False
bedroom,2.6784,-9.240996,NOUN,76,0.14577742,False
polka,-14.718719,5.4270763,NOUN,62,0.14576867,False
dough,28.978195,5.878658,NOUN,84,0.14576289,False
teeth,-2.7738476,-0.83405626,NOUN,2485,0.14575808,False
strawberry,-0.20637885,-19.18435,NOUN,877,0.14574227,False
speed,-22.02517,-6.759948,NOUN,100,0.14571758,False
caboose,-18.802385,5.531109,NOUN,89,0.14561568,False
tongue,-1.8865691,-0.8302757,NOUN,303,0.1455863,False
salmon,24.56837,-1.4059961,NOUN,138,0.14554797,False
starfish,-4.051935,-3.5470543,NOUN,61,0.1455224,False
tree,11.182213,-19.300238,NOUN,1187,0.14549865,True
ramp,14.5449,-13.597855,NOUN,62,0.14546601,False
tea,13.440342,19.156733,NOUN,630,0.14540768,False
knife,-23.039436,9.123481,NOUN,341,0.14540571,True
backpack,2.868601,5.7772307,NOUN,256,0.14532532,False
edge,-0.32506323,-22.473463,NOUN,116,0.14531238,False
waves,-8.595428,-23.079994,NOUN,76,0.14530784,False
bump,6.5582795,-24.77035,NOUN,248,0.14530064,False
squirrels,-0.59135056,-11.168483,NOUN,50,0.14524302,False
gas,-14.779224,-6.707766,NOUN,90,0.14523514,False
favorites,14.169991,24.671642,NOUN,56,0.14522775,False
ashes,8.891325,-13.162052,NOUN,63,0.14522341,False
kit,-22.829506,1.9237466,NOUN,74,0.14522196,False
police,-4.0915756,-9.292668,NOUN,158,0.14520167,False
guys,-17.446424,-2.9401627,NOUN,1949,0.14519678,False
elephants,3.6483407,-16.23181,NOUN,88,0.14516748,False
burger,20.159454,16.821632,NOUN,64,0.14512819,False
vacuum,2.0122194,27.479208,NOUN,441,0.14500244,False
bees,4.6406436,-4.1672077,NOUN,177,0.14498885,False
jeans,-1.1498677,2.8393888,NOUN,60,0.14492826,False
clouds,-1.2179751,15.273344,NOUN,112,0.14489649,False
horses,-10.929007,-14.417157,NOUN,107,0.14487696,False
boogie,11.310177,0.16765317,NOUN,111,0.14486133,False
lamb,18.590418,-9.747646,NOUN,145,0.14484954,False
boom,17.254932,11.8047285,NOUN,3016,0.14484625,False
goose,-14.58536,-12.121791,NOUN,450,0.14479023,False
bear,-19.410477,11.011058,NOUN,2344,0.1447526,False
pout,25.433687,-1.181234,NOUN,104,0.14470385,False
goodnight,3.7206695,-1.0956246,NOUN,231,0.14468883,False
surface,8.947149,26.343946,NOUN,51,0.14468694,False
voice,-1.6163683,5.7091684,NOUN,197,0.14464873,False
squirrel,-22.610323,0.061793867,NOUN,268,0.14464445,False
onions,8.32247,4.3959928,NOUN,106,0.14462179,False
throat,-6.289117,8.79533,NOUN,56,0.14461462,False
grandma,15.017752,-3.684304,NOUN,1048,0.14459531,False
handle,12.379457,15.6396475,NOUN,143,0.14454038,False
hands,1.5564357,20.730724,NOUN,3816,0.14448904,False
playground,6.9253983,-9.151558,NOUN,168,0.14448543,False
loop,20.16704,5.583259,NOUN,76,0.14446722,False
babe,-13.285442,20.448715,NOUN,561,0.14437442,False
test,0.4508581,22.674686,NOUN,158,0.14434667,False
onion,-0.9961643,-22.995983,NOUN,157,0.14430551,False
gym,0.53753865,13.30375,NOUN,109,0.14429809,False
toy,-4.206676,27.038706,NOUN,1003,0.14429808,False
coat,0.3215464,-10.1203,NOUN,117,0.1442747,False
angel,7.9879904,-4.210149,NOUN,66,0.14425664,False
game,17.925186,19.657728,NOUN,1009,0.14424832,False
nuts,11.529175,-10.344793,NOUN,94,0.14421685,False
raccoon,-9.586376,12.791965,NOUN,70,0.14419347,False
spout,-14.687289,8.005005,NOUN,148,0.14418305,False
mum,-13.31036,-2.3729692,NOUN,93,0.14416902,False
brain,-0.71690303,8.470369,NOUN,106,0.14415796,False
kittens,-11.907422,3.0437768,NOUN,59,0.14413552,False
tools,18.753286,-0.9382963,NOUN,88,0.14413333,False
lettuce,-12.082712,23.92182,NOUN,90,0.14412902,False
balloon,-5.584379,-24.924562,NOUN,552,0.14400774,True
post,8.096035,1.3445079,NOUN,79,0.14400436,False
hour,14.459263,-12.805485,NOUN,261,0.14385787,False
blackberries,-15.360518,1.7382356,NOUN,56,0.14383692,False
chips,26.687243,-5.3119335,NOUN,177,0.14382945,False
cake,-4.537432,12.573736,NOUN,896,0.14379115,True
city,-9.323502,-0.61835957,NOUN,271,0.14376931,False
pain,-14.929984,-25.10665,NOUN,94,0.14376552,False
dragon,6.4417934,22.869768,NOUN,310,0.14375977,False
schedule,18.600355,19.521856,NOUN,69,0.14372386,False
meal,0.84128565,-0.58802897,NOUN,167,0.14368284,False
triceratops,-4.000622,-13.292211,NOUN,60,0.1436724,False
lines,-1.3413216,-4.9129014,NOUN,77,0.14363454,False
bugs,-8.202895,-14.31534,NOUN,236,0.14357622,False
cup,29.286158,5.979012,NOUN,1820,0.14355397,False
mustache,-21.097263,3.965502,NOUN,54,0.14344525,False
wheel,-0.09349703,-8.924434,NOUN,211,0.14343883,False
avocado,26.805374,-7.103576,NOUN,229,0.14341952,False
jam,-27.667393,5.1707516,NOUN,210,0.1433088,False
door,-13.479149,10.270796,NOUN,1437,0.14325988,False
stuff,3.4808154,10.3416,NOUN,1915,0.14324969,False
mice,-5.887735,15.803839,NOUN,63,0.14323819,False
soap,-1.114523,20.26989,NOUN,394,0.14320566,False
bike,-18.297333,-9.038983,NOUN,480,0.14320429,True
fishing,-10.29174,-4.265001,NOUN,65,0.1432033,False
dress,3.994712,-4.321588,NOUN,360,0.143194,False
kiwi,0.7493857,9.675655,NOUN,146,0.14316404,False
block,18.077806,8.82304,NOUN,320,0.14315617,False
monkey,8.952076,-25.620857,NOUN,1205,0.14311986,False
eyes,9.87359,-13.766243,NOUN,1492,0.14311682,False
waffles,-23.73636,0.57915676,NOUN,72,0.14308928,False
st,6.492424,8.063711,NOUN,278,0.14308582,False
claws,-0.07445185,-12.079012,NOUN,76,0.14306395,False
nest,4.0711946,-20.431217,NOUN,109,0.14303271,False
hedgehog,3.2521276,13.38756,NOUN,91,0.14299001,False
hearts,-20.700094,7.748639,NOUN,74,0.14298622,False
face,-17.257793,1.3864295,NOUN,2047,0.14295544,False
whale,17.176523,-3.9699895,NOUN,211,0.14294451,False
dinner,11.714793,6.6398892,NOUN,1537,0.14292182,False
pants,19.220009,2.2569458,NOUN,998,0.1429181,True
helicopter,-11.492634,9.212063,NOUN,132,0.14286685,False
baseball,8.38125,0.3284699,NOUN,71,0.14285767,False
tower,8.649646,16.833252,NOUN,497,0.14285661,False
bulldozer,6.1777167,-24.28639,NOUN,74,0.1428328,False
rattle,0.056991056,12.386859,NOUN,171,0.14282016,False
level,-17.951113,-8.218364,NOUN,189,0.14280413,False
monsters,16.259302,-7.446612,NOUN,90,0.14280093,False
side,25.25383,-10.116932,NOUN,1485,0.14279678,False
sister,7.021648,11.032872,NOUN,1593,0.14279503,False
stars,-12.29961,-12.618861,NOUN,403,0.14276834,False
flower,12.300337,-20.361301,NOUN,799,0.14275073,False
shorts,-17.20806,22.016533,NOUN,170,0.14271493,False
bites,-19.319548,-22.419329,NOUN,161,0.14265905,False
crocodile,-24.06141,-16.092894,NOUN,148,0.14261319,False
bomba,0.30693284,16.611288,NOUN,128,0.14259195,False
cave,-4.781384,28.14613,NOUN,73,0.14257632,False
puzzles,-9.114361,-23.18371,NOUN,121,0.14246033,False
choice,4.982541,5.4428754,NOUN,191,0.14245696,False
bells,-6.8739038,24.734419,NOUN,118,0.14243372,False
blood,-19.064985,-22.457758,NOUN,105,0.14242353,False
package,0.15864311,27.663298,NOUN,104,0.14238472,False
m,13.40495,10.646723,NOUN,2489,0.14237262,False
study,-18.598738,9.0588,NOUN,136,0.1423645,False
cows,23.295956,8.662154,NOUN,128,0.14235881,False
battery,-1.4805281,-15.127995,NOUN,336,0.14230676,False
grasshopper,-7.99468,24.096203,NOUN,56,0.14227168,False
lion,-25.956223,-1.6918648,NOUN,659,0.1422439,False
bacon,14.059482,-9.418776,NOUN,104,0.14223473,False
slice,3.6923318,8.082687,NOUN,170,0.14223248,False
tune,-0.7266211,2.2096832,NOUN,103,0.14222594,False
bop,-20.438004,17.947905,NOUN,315,0.1422217,False
sandwich,-7.918183,9.043384,NOUN,214,0.14221883,True
times,21.540628,-0.77965146,NOUN,559,0.14221728,False
plans,-4.572412,-4.2202363,NOUN,64,0.14221172,False
bib,0.95072967,-26.355663,NOUN,497,0.14221026,False
bath,-11.162694,6.82174,NOUN,686,0.14210336,False
purpose,9.566067,9.240687,NOUN,91,0.14207573,False
timer,15.128326,3.8738713,NOUN,390,0.14205877,False
half,-21.544275,19.355293,NOUN,696,0.14195722,False
pumpkin,-27.302843,8.979681,NOUN,559,0.14195617,False
piggy,-19.989311,12.434163,NOUN,357,0.14195602,False
note,22.71318,7.603554,NOUN,78,0.14195168,False
driver,8.058278,-12.403692,NOUN,116,0.14189537,False
tooth,-2.9190738,-6.0069923,NOUN,133,0.14185438,False
scarf,2.7700627,-29.353384,NOUN,82,0.14179061,False
pancake,-15.256519,10.077559,NOUN,571,0.14176267,False
lights,-4.459717,-27.631296,NOUN,398,0.14176078,False
window,-9.937969,-28.400389,NOUN,386,0.14173843,False
spot,-11.108475,20.01544,NOUN,609,0.14170648,False
luck,12.650786,7.5470176,NOUN,123,0.1416886,False
helmet,5.0456443,13.364816,NOUN,1834,0.14168535,False
rectangle,3.737657,-12.462821,NOUN,91,0.14164321,False
movie,1.9476372,-22.216051,NOUN,270,0.14163768,False
sisters,-2.215973,-10.676929,NOUN,72,0.1416027,False
bone,15.419749,-1.0397137,NOUN,87,0.14160077,False
children,25.070795,-10.630333,NOUN,306,0.14159279,False
clock,15.536633,9.705026,NOUN,518,0.1415636,True
sock,20.86815,-5.4883885,NOUN,278,0.14145254,False
caterpillar,8.076296,-9.164786,NOUN,334,0.14141913,False
episode,-6.1917973,-11.292819,NOUN,111,0.14141724,False
moon,-5.3180275,16.954502,NOUN,596,0.14137353,False
worm,6.328557,-21.638954,NOUN,83,0.14135595,False
bottle,-6.0907025,12.309497,NOUN,790,0.14135341,True
shelf,-18.433668,-3.5619214,NOUN,200,0.14134395,False
horsey,22.078354,15.8058815,NOUN,148,0.14132835,False
toilet,5.6904073,-15.519736,NOUN,298,0.14130056,False
mistake,-28.6998,8.744024,NOUN,90,0.14128043,False
dong,16.849648,-13.814156,NOUN,104,0.14124593,False
matter,8.081832,-3.6001356,NOUN,380,0.14122061,False
force,-10.74787,6.3796372,NOUN,53,0.14121193,False
rabbit,21.876972,10.693157,NOUN,500,0.14119285,False
ghosts,-4.335208,-8.419362,NOUN,53,0.14118648,False
baa,-12.619407,20.813463,NOUN,745,0.14112802,False
pouch,-0.17894183,-2.2846308,NOUN,112,0.14110667,False
family,5.115091,18.937958,NOUN,749,0.14108641,False
watermelon,7.6359863,24.849667,NOUN,377,0.14105363,False
ladder,12.648985,-21.204393,NOUN,131,0.1410529,False
slime,-3.0446844,26.632603,NOUN,72,0.14103234,False
rd,-3.7407665,18.523985,NOUN,197,0.14103124,False
toe,-3.2513027,7.811441,NOUN,293,0.14101185,False
key,3.486624,-20.663721,NOUN,213,0.14100552,True
notes,-29.312263,-2.4597323,NOUN,58,0.14097504,False
town,2.5276546,-4.1548953,NOUN,356,0.14095424,False
cousin,-7.142356,-2.5805237,NOUN,136,0.1408887,False
girls,11.345048,-25.042925,NOUN,295,0.14085028,False
fist,-0.19815886,4.414966,NOUN,92,0.14083318,False
walrus,2.5537124,0.15811296,NOUN,50,0.14082964,False
skin,-15.199138,-19.999105,NOUN,288,0.14067785,False
finger,-4.636959,-26.587706,NOUN,886,0.14067753,False
bell,-14.872335,-15.483761,NOUN,191,0.14065343,True
garlic,9.752157,18.612774,NOUN,162,0.14062,False
deal,-15.301172,-24.804567,NOUN,215,0.140616,False
answer,-25.479696,10.419404,NOUN,225,0.1406037,False
field,-17.401375,-7.347449,NOUN,142,0.14056219,False
line,-15.317706,-2.134982,NOUN,409,0.14055233,False
cupcakes,-3.9921067,-18.220314,NOUN,93,0.1405375,False
lesson,18.367247,-21.09938,NOUN,64,0.14053632,False
planet,5.3267446,2.9275827,NOUN,90,0.14050394,False
toad,26.444067,13.857779,NOUN,73,0.14048289,False
cups,15.713532,19.780836,NOUN,395,0.14048262,False
picture,5.6240754,20.611347,NOUN,973,0.14047451,False
