source,kind,dataset,spearman,n_pairs,n_total,vocab
B26_lad100000_base_s0,model,wordsim353,0.06989587700853987,91,352,3653
B26_lad100000_base_s0,model,simlex999,-0.028672524257683792,365,999,3653
B26_lad100000_base_s0,model,rg65,,13,65,3653
B26_lad100000_base_s0,model,MTest-3000,0.09399081134489468,1405,3000,3653
B26_lad100000_base_s0,model,SimVerb-3500,0.009125169174442749,994,3500,3653
B26_lad100000_base_s1,model,wordsim353,0.2510606796013513,73,352,3712
B26_lad100000_base_s1,model,simlex999,-0.03233843059289581,374,999,3712
B26_lad100000_base_s1,model,rg65,,12,65,3712
B26_lad100000_base_s1,model,MTest-3000,0.012890684526132411,1360,3000,3712
B26_lad100000_base_s1,model,SimVerb-3500,0.04280402544570133,982,3500,3712
B26_lad100000_base_s2,model,wordsim353,0.029721149618724733,88,352,3702
B26_lad100000_base_s2,model,simlex999,0.057846485039226084,367,999,3702
B26_lad100000_base_s2,model,rg65,,14,65,3702
B26_lad100000_base_s2,model,MTest-3000,0.03536487219228061,1396,3000,3702
B26_lad100000_base_s2,model,SimVerb-3500,-0.015165212673834904,980,3500,3702
B26_lad100000_filtnat_s0,model,wordsim353,0.22613612189288065,24,352,1154
B26_lad100000_filtnat_s0,model,simlex999,-0.09265234591367401,103,999,1154
B26_lad100000_filtnat_s0,model,rg65,,3,65,1154
B26_lad100000_filtnat_s0,model,MTest-3000,0.09145616964629745,528,3000,1154
B26_lad100000_filtnat_s0,model,SimVerb-3500,-0.016349745691300252,245,3500,1154
B26_lad100000_filtnat_s1,model,wordsim353,-0.2399774138904574,22,352,1149
B26_lad100000_filtnat_s1,model,simlex999,-0.22482807665083765,98,999,1149
B26_lad100000_filtnat_s1,model,rg65,,2,65,1149
B26_lad100000_filtnat_s1,model,MTest-3000,-0.0007715585697428718,550,3000,1149
B26_lad100000_filtnat_s1,model,SimVerb-3500,0.04001536144785443,262,3500,1149
B26_lad100000_filtnat_s2,model,wordsim353,0.004884750476694367,27,352,1167
B26_lad100000_filtnat_s2,model,simlex999,-0.037244577357817686,101,999,1167
B26_lad100000_filtnat_s2,model,rg65,,1,65,1167
B26_lad100000_filtnat_s2,model,MTest-3000,0.01654495308891254,572,3000,1167
B26_lad100000_filtnat_s2,model,SimVerb-3500,-0.011417610212703103,246,3500,1167
B26_lad100000_t15_s0,model,wordsim353,,19,352,797
B26_lad100000_t15_s0,model,simlex999,0.024991783336063916,79,999,797
B26_lad100000_t15_s0,model,rg65,,3,65,797
B26_lad100000_t15_s0,model,MTest-3000,-0.012719623115719858,314,3000,797
B26_lad100000_t15_s0,model,SimVerb-3500,-0.05592458201001132,147,3500,797
B26_lad100000_t15_s1,model,wordsim353,,16,352,785
B26_lad100000_t15_s1,model,simlex999,-0.04608534595212566,71,999,785
B26_lad100000_t15_s1,model,rg65,,3,65,785
B26_lad100000_t15_s1,model,MTest-3000,-0.033602596046064984,343,3000,785
B26_lad100000_t15_s1,model,SimVerb-3500,-0.11120189885760032,137,3500,785
B26_lad100000_t15_s2,model,wordsim353,-0.07735742518351214,22,352,829
B26_lad100000_t15_s2,model,simlex999,-0.026463860560504402,77,999,829
B26_lad100000_t15_s2,model,rg65,,1,65,829
B26_lad100000_t15_s2,model,MTest-3000,0.039385010511349045,361,3000,829
B26_lad100000_t15_s2,model,SimVerb-3500,0.0342327263722627,144,3500,829
B26_lad100000_t2_s0,model,wordsim353,,11,352,382
B26_lad100000_t2_s0,model,simlex999,-0.059571705515555184,55,999,382
B26_lad100000_t2_s0,model,rg65,,3,65,382
B26_lad100000_t2_s0,model,MTest-3000,-0.06845280933936503,124,3000,382
B26_lad100000_t2_s0,model,SimVerb-3500,,3,3500,382
B26_lad100000_t2_s1,model,wordsim353,,17,352,399
B26_lad100000_t2_s1,model,simlex999,-0.2139094684348236,57,999,399
B26_lad100000_t2_s1,model,rg65,,6,65,399
B26_lad100000_t2_s1,model,MTest-3000,-0.10197850729511437,125,3000,399
B26_lad100000_t2_s1,model,SimVerb-3500,,3,3500,399
B26_lad100000_t2_s2,model,wordsim353,,18,352,376
B26_lad100000_t2_s2,model,simlex999,0.007920344172022923,51,999,376
B26_lad100000_t2_s2,model,rg65,,2,65,376
B26_lad100000_t2_s2,model,MTest-3000,0.06940576916110089,113,3000,376
B26_lad100000_t2_s2,model,SimVerb-3500,,3,3500,376
B26_lad300000_base_s0,model,wordsim353,0.08562253014391565,148,352,6741
B26_lad300000_base_s0,model,simlex999,0.007598194415235682,551,999,6741
B26_lad300000_base_s0,model,rg65,,17,65,6741
B26_lad300000_base_s0,model,MTest-3000,0.09833388524256054,2008,3000,6741
B26_lad300000_base_s0,model,SimVerb-3500,-0.021254614527542126,1554,3500,6741
B26_lad300000_base_s1,model,wordsim353,-0.006731805997971721,136,352,6721
B26_lad300000_base_s1,model,simlex999,0.0021537155404742856,547,999,6721
B26_lad300000_base_s1,model,rg65,,18,65,6721
B26_lad300000_base_s1,model,MTest-3000,0.1104830883297168,2003,3000,6721
B26_lad300000_base_s1,model,SimVerb-3500,0.03097057739624281,1540,3500,6721
B26_lad300000_base_s2,model,wordsim353,0.05821213098455681,140,352,6732
B26_lad300000_base_s2,model,simlex999,-0.04865826533452286,550,999,6732
B26_lad300000_base_s2,model,rg65,,18,65,6732
B26_lad300000_base_s2,model,MTest-3000,0.11718520302529904,1944,3000,6732
B26_lad300000_base_s2,model,SimVerb-3500,0.016713348288650745,1565,3500,6732
B26_lad300000_filtnat_s0,model,wordsim353,0.03741055580815423,50,352,2323
B26_lad300000_filtnat_s0,model,simlex999,0.127034191492967,239,999,2323
B26_lad300000_filtnat_s0,model,rg65,,11,65,2323
B26_lad300000_filtnat_s0,model,MTest-3000,0.11214552590735284,1015,3000,2323
B26_lad300000_filtnat_s0,model,SimVerb-3500,-0.06432115789735174,555,3500,2323
B26_lad300000_filtnat_s1,model,wordsim353,0.13060301022603052,51,352,2256
B26_lad300000_filtnat_s1,model,simlex999,0.0015406718157427819,197,999,2256
B26_lad300000_filtnat_s1,model,rg65,,11,65,2256
B26_lad300000_filtnat_s1,model,MTest-3000,0.03839508088994863,1041,3000,2256
B26_lad300000_filtnat_s1,model,SimVerb-3500,0.0239057753695352,516,3500,2256
B26_lad300000_filtnat_s2,model,wordsim353,-0.08679317828588128,52,352,2281
B26_lad300000_filtnat_s2,model,simlex999,0.052910965821599945,219,999,2281
B26_lad300000_filtnat_s2,model,rg65,,6,65,2281
B26_lad300000_filtnat_s2,model,MTest-3000,0.05829944844662547,1018,3000,2281
B26_lad300000_filtnat_s2,model,SimVerb-3500,-0.045678617516978416,526,3500,2281
B26_lad300000_t15_s0,model,wordsim353,-0.10331947308766157,44,352,1698
B26_lad300000_t15_s0,model,simlex999,0.07149126311897562,180,999,1698
B26_lad300000_t15_s0,model,rg65,,9,65,1698
B26_lad300000_t15_s0,model,MTest-3000,0.020035199521358363,854,3000,1698
B26_lad300000_t15_s0,model,SimVerb-3500,0.06868004602168343,342,3500,1698
B26_lad300000_t15_s1,model,wordsim353,-0.10639583206350971,43,352,1650
B26_lad300000_t15_s1,model,simlex999,-0.03308296398411857,177,999,1650
B26_lad300000_t15_s1,model,rg65,,11,65,1650
B26_lad300000_t15_s1,model,MTest-3000,0.04026959032473389,831,3000,1650
B26_lad300000_t15_s1,model,SimVerb-3500,0.035816235264188805,334,3500,1650
B26_lad300000_t15_s2,model,wordsim353,0.2288833389386278,46,352,1677
B26_lad300000_t15_s2,model,simlex999,0.023271392458833043,182,999,1677
B26_lad300000_t15_s2,model,rg65,,7,65,1677
B26_lad300000_t15_s2,model,MTest-3000,0.05565631116361108,807,3000,1677
B26_lad300000_t15_s2,model,SimVerb-3500,-0.035728137604668385,329,3500,1677
B26_lad300000_t2_s0,model,wordsim353,0.11967857928375573,26,352,764
B26_lad300000_t2_s0,model,simlex999,0.012276911554112686,115,999,764
B26_lad300000_t2_s0,model,rg65,,7,65,764
B26_lad300000_t2_s0,model,MTest-3000,-0.0019974760339799198,327,3000,764
B26_lad300000_t2_s0,model,SimVerb-3500,,9,3500,764
B26_lad300000_t2_s1,model,wordsim353,0.009476761818500608,31,352,746
B26_lad300000_t2_s1,model,simlex999,-0.042905628052674054,100,999,746
B26_lad300000_t2_s1,model,rg65,,7,65,746
B26_lad300000_t2_s1,model,MTest-3000,0.09603015135342216,315,3000,746
B26_lad300000_t2_s1,model,SimVerb-3500,,13,3500,746
B26_lad300000_t2_s2,model,wordsim353,0.07425062156280478,32,352,756
B26_lad300000_t2_s2,model,simlex999,0.08516085195586297,114,999,756
B26_lad300000_t2_s2,model,rg65,,7,65,756
B26_lad300000_t2_s2,model,MTest-3000,0.10955070852713364,298,3000,756
B26_lad300000_t2_s2,model,SimVerb-3500,,6,3500,756
B26_lad_base_s0,model,wordsim353,0.20880684084359613,254,352,16206
B26_lad_base_s0,model,simlex999,0.10651567762830695,821,999,16206
B26_lad_base_s0,model,rg65,0.28529356422403307,43,65,16206
B26_lad_base_s0,model,MTest-3000,0.2939543816977411,2707,3000,16206
B26_lad_base_s0,model,SimVerb-3500,0.01845516151385733,2486,3500,16206
B26_lad_base_s1,model,wordsim353,0.19496800080651938,254,352,16206
B26_lad_base_s1,model,simlex999,0.08040610832974729,821,999,16206
B26_lad_base_s1,model,rg65,0.18644515883248744,43,65,16206
B26_lad_base_s1,model,MTest-3000,0.3062596298114984,2707,3000,16206
B26_lad_base_s1,model,SimVerb-3500,0.008580640984083543,2486,3500,16206
B26_lad_base_s2,model,wordsim353,0.20401167087070138,254,352,16206
B26_lad_base_s2,model,simlex999,0.07054744987144691,821,999,16206
B26_lad_base_s2,model,rg65,0.32576930546915794,43,65,16206
B26_lad_base_s2,model,MTest-3000,0.2954547135278521,2707,3000,16206
B26_lad_base_s2,model,SimVerb-3500,-0.0007570704402386796,2486,3500,16206
B26_lad_filtnat_s0,model,wordsim353,0.3185110510688458,100,352,5846
B26_lad_filtnat_s0,model,simlex999,0.007052133788971385,456,999,5846
B26_lad_filtnat_s0,model,rg65,0.39505419480265697,27,65,5846
B26_lad_filtnat_s0,model,MTest-3000,0.16270710797061935,2000,3000,5846
B26_lad_filtnat_s0,model,SimVerb-3500,0.03293944632071124,1213,3500,5846
B26_lad_filtnat_s1,model,wordsim353,0.05894107699376761,100,352,5846
B26_lad_filtnat_s1,model,simlex999,0.09082870138000493,456,999,5846
B26_lad_filtnat_s1,model,rg65,-0.004274156667107572,27,65,5846
B26_lad_filtnat_s1,model,MTest-3000,0.17263811854204725,2000,3000,5846
B26_lad_filtnat_s1,model,SimVerb-3500,-0.02306843901206702,1213,3500,5846
B26_lad_filtnat_s2,model,wordsim353,0.10151763383257653,100,352,5846
B26_lad_filtnat_s2,model,simlex999,0.0321335872044376,456,999,5846
B26_lad_filtnat_s2,model,rg65,0.20851778597389078,27,65,5846
B26_lad_filtnat_s2,model,MTest-3000,0.17951177081251657,2000,3000,5846
B26_lad_filtnat_s2,model,SimVerb-3500,0.06959405739932403,1213,3500,5846
B26_lad_t15_s0,model,wordsim353,0.03885645973337498,80,352,4446
B26_lad_t15_s0,model,simlex999,0.013163670391786978,383,999,4446
B26_lad_t15_s0,model,rg65,,18,65,4446
B26_lad_t15_s0,model,MTest-3000,0.15464997074836925,1772,3000,4446
B26_lad_t15_s0,model,SimVerb-3500,-0.014200589666833841,875,3500,4446
B26_lad_t15_s1,model,wordsim353,0.015870783251580613,80,352,4446
B26_lad_t15_s1,model,simlex999,0.13905729523255683,383,999,4446
B26_lad_t15_s1,model,rg65,,18,65,4446
B26_lad_t15_s1,model,MTest-3000,0.13068875158067575,1772,3000,4446
B26_lad_t15_s1,model,SimVerb-3500,-0.030912345626527834,875,3500,4446
B26_lad_t15_s2,model,wordsim353,0.04817497722599433,80,352,4446
B26_lad_t15_s2,model,simlex999,0.09944549292326128,383,999,4446
B26_lad_t15_s2,model,rg65,,18,65,4446
B26_lad_t15_s2,model,MTest-3000,0.13946518860048024,1772,3000,4446
B26_lad_t15_s2,model,SimVerb-3500,0.0021367183289271534,875,3500,4446
B26_lad_t2_s0,model,wordsim353,0.15281641881701755,53,352,1707
B26_lad_t2_s0,model,simlex999,0.12162065435479524,210,999,1707
B26_lad_t2_s0,model,rg65,,8,65,1707
B26_lad_t2_s0,model,MTest-3000,0.23135295515248958,716,3000,1707
B26_lad_t2_s0,model,SimVerb-3500,0.060851771011829425,41,3500,1707
B26_lad_t2_s1,model,wordsim353,0.1641869280799196,53,352,1707
B26_lad_t2_s1,model,simlex999,0.16703895971857396,210,999,1707
B26_lad_t2_s1,model,rg65,,8,65,1707
B26_lad_t2_s1,model,MTest-3000,0.26922258272988464,716,3000,1707
B26_lad_t2_s1,model,SimVerb-3500,-0.03269257038601151,41,3500,1707
B26_lad_t2_s2,model,wordsim353,0.23555501813430513,53,352,1707
B26_lad_t2_s2,model,simlex999,0.16624912685499282,210,999,1707
B26_lad_t2_s2,model,rg65,,8,65,1707
B26_lad_t2_s2,model,MTest-3000,0.1153590194045093,716,3000,1707
B26_lad_t2_s2,model,SimVerb-3500,0.17880656496455896,41,3500,1707
B26_rand_1000000_s0,model,wordsim353,0.2855010911052421,214,352,12219
B26_rand_1000000_s0,model,simlex999,0.07016577659478548,732,999,12219
B26_rand_1000000_s0,model,rg65,0.4183206301880142,27,65,12219
B26_rand_1000000_s0,model,MTest-3000,0.24405742867485683,2537,3000,12219
B26_rand_1000000_s0,model,SimVerb-3500,0.01968297201481108,2182,3500,12219
B26_rand_1000000_s1,model,wordsim353,0.25378887646624076,210,352,12207
B26_rand_1000000_s1,model,simlex999,0.08146659902550508,734,999,12207
B26_rand_1000000_s1,model,rg65,0.4917676711201273,33,65,12207
B26_rand_1000000_s1,model,MTest-3000,0.250933919697226,2535,3000,12207
B26_rand_1000000_s1,model,SimVerb-3500,-0.0035057571577598147,2136,3500,12207
B26_rand_1000000_s2,model,wordsim353,0.12191044264083414,221,352,12276
B26_rand_1000000_s2,model,simlex999,0.05402350001819088,739,999,12276
B26_rand_1000000_s2,model,rg65,0.30955826805419295,30,65,12276
B26_rand_1000000_s2,model,MTest-3000,0.22380176164183663,2538,3000,12276
B26_rand_1000000_s2,model,SimVerb-3500,0.02467852531000121,2149,3500,12276
B26_rand_100000_s0,model,wordsim353,0.037429477470995856,79,352,3655
B26_rand_100000_s0,model,simlex999,0.00421274925170987,364,999,3655
B26_rand_100000_s0,model,rg65,,11,65,3655
B26_rand_100000_s0,model,MTest-3000,0.017356880356226803,1343,3000,3655
B26_rand_100000_s0,model,SimVerb-3500,-0.038450118045125284,979,3500,3655
B26_rand_100000_s1,model,wordsim353,-0.12762705411849273,86,352,3674
B26_rand_100000_s1,model,simlex999,-0.00948891052528118,346,999,3674
B26_rand_100000_s1,model,rg65,,10,65,3674
B26_rand_100000_s1,model,MTest-3000,-0.02991275599512616,1371,3000,3674
B26_rand_100000_s1,model,SimVerb-3500,-0.01254305261746735,999,3500,3674
B26_rand_100000_s2,model,wordsim353,-0.12477534131625388,73,352,3716
B26_rand_100000_s2,model,simlex999,0.0005476300108868714,370,999,3716
B26_rand_100000_s2,model,rg65,,10,65,3716
B26_rand_100000_s2,model,MTest-3000,0.01922265942533048,1421,3000,3716
B26_rand_100000_s2,model,SimVerb-3500,-0.012761656720960655,1008,3500,3716
B26_rand_100000_s3,model,wordsim353,-0.033651213124509645,81,352,3707
B26_rand_100000_s3,model,simlex999,0.061673651131985384,362,999,3707
B26_rand_100000_s3,model,rg65,,12,65,3707
B26_rand_100000_s3,model,MTest-3000,0.002057576848847907,1382,3000,3707
B26_rand_100000_s3,model,SimVerb-3500,-0.032694107299785356,1038,3500,3707
B26_rand_100000_s4,model,wordsim353,-0.010850182578188637,86,352,3676
B26_rand_100000_s4,model,simlex999,-0.012736180805647557,386,999,3676
B26_rand_100000_s4,model,rg65,,13,65,3676
B26_rand_100000_s4,model,MTest-3000,-0.00921743260123122,1407,3000,3676
B26_rand_100000_s4,model,SimVerb-3500,0.06471278333174484,978,3500,3676
B26_rand_100000_s5,model,wordsim353,0.024076583623526552,82,352,3663
B26_rand_100000_s5,model,simlex999,0.033739635740214484,374,999,3663
B26_rand_100000_s5,model,rg65,,13,65,3663
B26_rand_100000_s5,model,MTest-3000,0.025430314528546927,1375,3000,3663
B26_rand_100000_s5,model,SimVerb-3500,-0.04201270093494327,942,3500,3663
B26_rand_100000_s6,model,wordsim353,-0.009341958695459096,85,352,3736
B26_rand_100000_s6,model,simlex999,0.03975035303294149,389,999,3736
B26_rand_100000_s6,model,rg65,,11,65,3736
B26_rand_100000_s6,model,MTest-3000,0.041943057107209074,1410,3000,3736
B26_rand_100000_s6,model,SimVerb-3500,0.002739001165627949,1039,3500,3736
B26_rand_100000_s7,model,wordsim353,0.006375664690630433,77,352,3676
B26_rand_100000_s7,model,simlex999,0.01600292758806125,373,999,3676
B26_rand_100000_s7,model,rg65,,11,65,3676
B26_rand_100000_s7,model,MTest-3000,0.036107599737561724,1387,3000,3676
B26_rand_100000_s7,model,SimVerb-3500,-0.03684938128898913,983,3500,3676
B26_rand_10000_s0,model,wordsim353,,15,352,917
B26_rand_10000_s0,model,simlex999,0.144020275706438,67,999,917
B26_rand_10000_s0,model,rg65,,0,65,917
B26_rand_10000_s0,model,MTest-3000,0.029162306597509388,372,3000,917
B26_rand_10000_s0,model,SimVerb-3500,0.08561291933092033,269,3500,917
B26_rand_10000_s1,model,wordsim353,,14,352,921
B26_rand_10000_s1,model,simlex999,0.2496281270324041,72,999,921
B26_rand_10000_s1,model,rg65,,2,65,921
B26_rand_10000_s1,model,MTest-3000,0.05771728335583343,397,3000,921
B26_rand_10000_s1,model,SimVerb-3500,0.02211078292519031,245,3500,921
B26_rand_10000_s2,model,wordsim353,,17,352,942
B26_rand_10000_s2,model,simlex999,-0.17381297189635656,78,999,942
B26_rand_10000_s2,model,rg65,,1,65,942
B26_rand_10000_s2,model,MTest-3000,0.03572150857972613,366,3000,942
B26_rand_10000_s2,model,SimVerb-3500,0.025838374990016295,269,3500,942
B26_rand_10000_s3,model,wordsim353,,19,352,935
B26_rand_10000_s3,model,simlex999,0.08632612025823454,79,999,935
B26_rand_10000_s3,model,rg65,,2,65,935
B26_rand_10000_s3,model,MTest-3000,0.006527280845623853,383,3000,935
B26_rand_10000_s3,model,SimVerb-3500,0.08427709707959737,269,3500,935
B26_rand_10000_s4,model,wordsim353,,15,352,927
B26_rand_10000_s4,model,simlex999,-0.2205023534515171,75,999,927
B26_rand_10000_s4,model,rg65,,2,65,927
B26_rand_10000_s4,model,MTest-3000,-0.1162215752093681,352,3000,927
B26_rand_10000_s4,model,SimVerb-3500,0.07669646740594005,249,3500,927
B26_rand_10000_s5,model,wordsim353,,12,352,914
B26_rand_10000_s5,model,simlex999,-0.014593070460714761,77,999,914
B26_rand_10000_s5,model,rg65,,0,65,914
B26_rand_10000_s5,model,MTest-3000,-0.03544361442438751,340,3000,914
B26_rand_10000_s5,model,SimVerb-3500,-0.01577765735453551,270,3500,914
B26_rand_10000_s6,model,wordsim353,,13,352,938
B26_rand_10000_s6,model,simlex999,0.01907553982776547,77,999,938
B26_rand_10000_s6,model,rg65,,2,65,938
B26_rand_10000_s6,model,MTest-3000,-0.02349340668547529,353,3000,938
B26_rand_10000_s6,model,SimVerb-3500,0.07310516154723457,273,3500,938
B26_rand_10000_s7,model,wordsim353,,19,352,932
B26_rand_10000_s7,model,simlex999,-0.2585599736386364,72,999,932
B26_rand_10000_s7,model,rg65,,2,65,932
B26_rand_10000_s7,model,MTest-3000,-0.06547707171243597,384,3000,932
B26_rand_10000_s7,model,SimVerb-3500,0.014726534088924449,286,3500,932
B26_rand_300000_s0,model,wordsim353,0.02504360320352969,149,352,6740
B26_rand_300000_s0,model,simlex999,0.046576247256846844,558,999,6740
B26_rand_300000_s0,model,rg65,,17,65,6740
B26_rand_300000_s0,model,MTest-3000,0.07399820898628526,2027,3000,6740
B26_rand_300000_s0,model,SimVerb-3500,-0.01413008181342921,1575,3500,6740
B26_rand_300000_s1,model,wordsim353,-0.09047770042689876,140,352,6716
B26_rand_300000_s1,model,simlex999,0.07194677293321147,560,999,6716
B26_rand_300000_s1,model,rg65,,18,65,6716
B26_rand_300000_s1,model,MTest-3000,0.11025282251226572,1994,3000,6716
B26_rand_300000_s1,model,SimVerb-3500,0.04763243647480694,1541,3500,6716
B26_rand_300000_s2,model,wordsim353,0.04058955680047904,141,352,6716
B26_rand_300000_s2,model,simlex999,-0.04503322501064458,552,999,6716
B26_rand_300000_s2,model,rg65,-0.1850319799900447,20,65,6716
B26_rand_300000_s2,model,MTest-3000,0.12861494761758885,1922,3000,6716
B26_rand_300000_s2,model,SimVerb-3500,0.007696095578205011,1485,3500,6716
B26_rand_300000_s3,model,wordsim353,0.14958144085509717,143,352,6718
B26_rand_300000_s3,model,simlex999,0.012560876985451712,538,999,6718
B26_rand_300000_s3,model,rg65,-0.25657752291692226,24,65,6718
B26_rand_300000_s3,model,MTest-3000,0.09780385473805647,1915,3000,6718
B26_rand_300000_s3,model,SimVerb-3500,0.00883846132765454,1554,3500,6718
B26_rand_300000_s4,model,wordsim353,0.09731924694865841,141,352,6730
B26_rand_300000_s4,model,simlex999,0.04496390667647887,557,999,6730
B26_rand_300000_s4,model,rg65,,18,65,6730
B26_rand_300000_s4,model,MTest-3000,0.11177935569834602,1978,3000,6730
B26_rand_300000_s4,model,SimVerb-3500,0.013165371202125298,1556,3500,6730
B26_rand_30000_s0,model,wordsim353,0.14440690251480257,37,352,1779
B26_rand_30000_s0,model,simlex999,0.004649873909937654,175,999,1779
B26_rand_30000_s0,model,rg65,,2,65,1779
B26_rand_30000_s0,model,MTest-3000,-0.044686539497736724,792,3000,1779
B26_rand_30000_s0,model,SimVerb-3500,0.0009818818342991367,493,3500,1779
B26_rand_30000_s1,model,wordsim353,0.11969815373579111,47,352,1866
B26_rand_30000_s1,model,simlex999,0.10454181492815441,195,999,1866
B26_rand_30000_s1,model,rg65,,4,65,1866
B26_rand_30000_s1,model,MTest-3000,0.0410884143398732,755,3000,1866
B26_rand_30000_s1,model,SimVerb-3500,0.035134512876001334,475,3500,1866
B26_rand_30000_s2,model,wordsim353,0.0987384172788154,36,352,1856
B26_rand_30000_s2,model,simlex999,0.0006760172348282947,191,999,1856
B26_rand_30000_s2,model,rg65,,3,65,1856
B26_rand_30000_s2,model,MTest-3000,-0.050247150369697596,799,3000,1856
B26_rand_30000_s2,model,SimVerb-3500,0.07240231264214037,523,3500,1856
B26_rand_30000_s3,model,wordsim353,0.09861004942374701,38,352,1817
B26_rand_30000_s3,model,simlex999,0.022342804382425988,182,999,1817
B26_rand_30000_s3,model,rg65,,2,65,1817
B26_rand_30000_s3,model,MTest-3000,0.03489829814199183,738,3000,1817
B26_rand_30000_s3,model,SimVerb-3500,0.033701215550882985,506,3500,1817
B26_rand_30000_s4,model,wordsim353,0.006050074129644736,36,352,1848
B26_rand_30000_s4,model,simlex999,-0.020615417304057897,200,999,1848
B26_rand_30000_s4,model,rg65,,3,65,1848
B26_rand_30000_s4,model,MTest-3000,-0.005062280374584473,738,3000,1848
B26_rand_30000_s4,model,SimVerb-3500,-0.00014547723481170903,549,3500,1848
B26_rand_30000_s5,model,wordsim353,-0.0006796043212005589,43,352,1852
B26_rand_30000_s5,model,simlex999,-0.1315071987132931,191,999,1852
B26_rand_30000_s5,model,rg65,,2,65,1852
B26_rand_30000_s5,model,MTest-3000,-0.050355722744333635,833,3000,1852
B26_rand_30000_s5,model,SimVerb-3500,0.02434289754598093,521,3500,1852
B26_rand_30000_s6,model,wordsim353,-0.05672323592412749,47,352,1849
B26_rand_30000_s6,model,simlex999,-0.09274449912612695,177,999,1849
B26_rand_30000_s6,model,rg65,,6,65,1849
B26_rand_30000_s6,model,MTest-3000,0.07143268342153984,818,3000,1849
B26_rand_30000_s6,model,SimVerb-3500,-0.05334412929909541,502,3500,1849
B26_rand_30000_s7,model,wordsim353,-0.13726778248814397,40,352,1876
B26_rand_30000_s7,model,simlex999,0.11905802525624683,191,999,1876
B26_rand_30000_s7,model,rg65,,6,65,1876
B26_rand_30000_s7,model,MTest-3000,-0.07655767864745246,770,3000,1876
B26_rand_30000_s7,model,SimVerb-3500,0.015192204472818995,544,3500,1876
B26_rand_3000_s0,model,wordsim353,,5,352,387
B26_rand_3000_s0,model,simlex999,,19,999,387
B26_rand_3000_s0,model,rg65,,0,65,387
B26_rand_3000_s0,model,MTest-3000,-0.0219249266639389,74,3000,387
B26_rand_3000_s0,model,SimVerb-3500,-0.1294925165839013,91,3500,387
B26_rand_3000_s1,model,wordsim353,,1,352,385
B26_rand_3000_s1,model,simlex999,,15,999,385
B26_rand_3000_s1,model,rg65,,0,65,385
B26_rand_3000_s1,model,MTest-3000,0.027186713631345224,70,3000,385
B26_rand_3000_s1,model,SimVerb-3500,0.012844196306661495,118,3500,385
B26_rand_3000_s2,model,wordsim353,,3,352,388
B26_rand_3000_s2,model,simlex999,,14,999,388
B26_rand_3000_s2,model,rg65,,0,65,388
B26_rand_3000_s2,model,MTest-3000,-0.04590103617640534,74,3000,388
B26_rand_3000_s2,model,SimVerb-3500,-0.03999325750423173,82,3500,388
B26_rand_3000_s3,model,wordsim353,,1,352,381
B26_rand_3000_s3,model,simlex999,,15,999,381
B26_rand_3000_s3,model,rg65,,0,65,381
B26_rand_3000_s3,model,MTest-3000,0.14095830617216448,60,3000,381
B26_rand_3000_s3,model,SimVerb-3500,0.2055217089665635,94,3500,381
B26_rand_3000_s4,model,wordsim353,,0,352,383
B26_rand_3000_s4,model,simlex999,,10,999,383
B26_rand_3000_s4,model,rg65,,0,65,383
B26_rand_3000_s4,model,MTest-3000,0.05659882475614221,64,3000,383
B26_rand_3000_s4,model,SimVerb-3500,-0.15718847811115316,83,3500,383
B26_rand_3000_s5,model,wordsim353,,4,352,379
B26_rand_3000_s5,model,simlex999,,18,999,379
B26_rand_3000_s5,model,rg65,,0,65,379
B26_rand_3000_s5,model,MTest-3000,-0.012938937154523164,83,3000,379
B26_rand_3000_s5,model,SimVerb-3500,0.1490705470141055,92,3500,379
B26_rand_3000_s6,model,wordsim353,,5,352,386
B26_rand_3000_s6,model,simlex999,,19,999,386
B26_rand_3000_s6,model,rg65,,0,65,386
B26_rand_3000_s6,model,MTest-3000,-0.04001993317550665,91,3000,386
B26_rand_3000_s6,model,SimVerb-3500,-0.04395443945365579,92,3500,386
B26_rand_3000_s7,model,wordsim353,,2,352,403
B26_rand_3000_s7,model,simlex999,,16,999,403
B26_rand_3000_s7,model,rg65,,0,65,403
B26_rand_3000_s7,model,MTest-3000,-0.03924455524747231,68,3000,403
B26_rand_3000_s7,model,SimVerb-3500,-0.06302170150936674,107,3500,403
C8_dinov3l_bv_grid4x4_base_s0,model,wordsim353,0.1564363788030348,254,352,16206
C8_dinov3l_bv_grid4x4_base_s0,model,simlex999,0.08310819969306878,821,999,16206
C8_dinov3l_bv_grid4x4_base_s0,model,rg65,0.2473097995854177,43,65,16206
C8_dinov3l_bv_grid4x4_base_s0,model,MTest-3000,0.26011475201476514,2707,3000,16206
C8_dinov3l_bv_grid4x4_base_s0,model,SimVerb-3500,0.012888157156484802,2486,3500,16206
C8_dinov3l_bv_grid4x4_base_s1,model,wordsim353,0.09114576040453477,254,352,16206
C8_dinov3l_bv_grid4x4_base_s1,model,simlex999,0.03854767955342398,821,999,16206
C8_dinov3l_bv_grid4x4_base_s1,model,rg65,0.0895601289491009,43,65,16206
C8_dinov3l_bv_grid4x4_base_s1,model,MTest-3000,0.20541522555337144,2707,3000,16206
C8_dinov3l_bv_grid4x4_base_s1,model,SimVerb-3500,-0.04449849691334412,2486,3500,16206
C8_dinov3l_bv_grid4x4_base_s2,model,wordsim353,0.10110262181816695,254,352,16206
C8_dinov3l_bv_grid4x4_base_s2,model,simlex999,-0.002953573739054494,821,999,16206
C8_dinov3l_bv_grid4x4_base_s2,model,rg65,0.18010194565228133,43,65,16206
C8_dinov3l_bv_grid4x4_base_s2,model,MTest-3000,0.25065483607521777,2707,3000,16206
C8_dinov3l_bv_grid4x4_base_s2,model,SimVerb-3500,0.012367583273062144,2486,3500,16206
C8_dinov3l_bv_grid4x4_rand_1000000_s0,model,wordsim353,0.24754579034537283,214,352,12219
C8_dinov3l_bv_grid4x4_rand_1000000_s0,model,simlex999,0.07856235537284796,732,999,12219
C8_dinov3l_bv_grid4x4_rand_1000000_s0,model,rg65,0.07022901090747684,27,65,12219
C8_dinov3l_bv_grid4x4_rand_1000000_s0,model,MTest-3000,0.17761398772591852,2537,3000,12219
C8_dinov3l_bv_grid4x4_rand_1000000_s0,model,SimVerb-3500,0.021744818385527453,2182,3500,12219
C8_dinov3l_bv_grid4x4_rand_1000000_s1,model,wordsim353,0.06763820252611194,210,352,12207
C8_dinov3l_bv_grid4x4_rand_1000000_s1,model,simlex999,0.05307508813471988,734,999,12207
C8_dinov3l_bv_grid4x4_rand_1000000_s1,model,rg65,0.08257417727170051,33,65,12207
C8_dinov3l_bv_grid4x4_rand_1000000_s1,model,MTest-3000,0.16988881287323923,2535,3000,12207
C8_dinov3l_bv_grid4x4_rand_1000000_s1,model,SimVerb-3500,-0.005431936372522985,2136,3500,12207
C8_dinov3l_bv_grid4x4_rand_1000000_s2,model,wordsim353,0.12197659408596428,221,352,12276
C8_dinov3l_bv_grid4x4_rand_1000000_s2,model,simlex999,0.10104604835718639,739,999,12276
C8_dinov3l_bv_grid4x4_rand_1000000_s2,model,rg65,0.1159452607162002,30,65,12276
C8_dinov3l_bv_grid4x4_rand_1000000_s2,model,MTest-3000,0.1796473381120061,2538,3000,12276
C8_dinov3l_bv_grid4x4_rand_1000000_s2,model,SimVerb-3500,0.08151815877624889,2149,3500,12276
C8_dinov3l_bv_grid4x4_rand_100000_s0,model,wordsim353,0.09329981945209209,79,352,3655
C8_dinov3l_bv_grid4x4_rand_100000_s0,model,simlex999,0.014323546516644681,364,999,3655
C8_dinov3l_bv_grid4x4_rand_100000_s0,model,rg65,,11,65,3655
C8_dinov3l_bv_grid4x4_rand_100000_s0,model,MTest-3000,0.02407702304880515,1343,3000,3655
C8_dinov3l_bv_grid4x4_rand_100000_s0,model,SimVerb-3500,0.0608378788132434,979,3500,3655
C8_dinov3l_bv_grid4x4_rand_100000_s1,model,wordsim353,-0.025597116716453823,86,352,3674
C8_dinov3l_bv_grid4x4_rand_100000_s1,model,simlex999,-0.06071541072811699,346,999,3674
C8_dinov3l_bv_grid4x4_rand_100000_s1,model,rg65,,10,65,3674
C8_dinov3l_bv_grid4x4_rand_100000_s1,model,MTest-3000,0.017482524874370256,1371,3000,3674
C8_dinov3l_bv_grid4x4_rand_100000_s1,model,SimVerb-3500,0.017751916777098545,999,3500,3674
C8_dinov3l_bv_grid4x4_rand_100000_s2,model,wordsim353,0.1325969409759152,73,352,3716
C8_dinov3l_bv_grid4x4_rand_100000_s2,model,simlex999,0.00776821995542705,370,999,3716
C8_dinov3l_bv_grid4x4_rand_100000_s2,model,rg65,,10,65,3716
C8_dinov3l_bv_grid4x4_rand_100000_s2,model,MTest-3000,-0.006839660036623521,1421,3000,3716
C8_dinov3l_bv_grid4x4_rand_100000_s2,model,SimVerb-3500,0.030349944881113245,1008,3500,3716
C8_dinov3l_bv_grid4x4_rand_100000_s3,model,wordsim353,-0.11417698520198559,81,352,3707
C8_dinov3l_bv_grid4x4_rand_100000_s3,model,simlex999,0.025946197164518056,362,999,3707
C8_dinov3l_bv_grid4x4_rand_100000_s3,model,rg65,,12,65,3707
C8_dinov3l_bv_grid4x4_rand_100000_s3,model,MTest-3000,0.017694527404922347,1382,3000,3707
C8_dinov3l_bv_grid4x4_rand_100000_s3,model,SimVerb-3500,0.02538865978998913,1038,3500,3707
C8_dinov3l_bv_grid4x4_rand_100000_s4,model,wordsim353,-0.030776778756566373,86,352,3676
C8_dinov3l_bv_grid4x4_rand_100000_s4,model,simlex999,0.07496856805494755,386,999,3676
C8_dinov3l_bv_grid4x4_rand_100000_s4,model,rg65,,13,65,3676
C8_dinov3l_bv_grid4x4_rand_100000_s4,model,MTest-3000,0.014053302222324971,1407,3000,3676
C8_dinov3l_bv_grid4x4_rand_100000_s4,model,SimVerb-3500,-0.01925147193585725,978,3500,3676
C8_dinov3l_bv_grid4x4_rand_100000_s5,model,wordsim353,-0.12264690066451049,82,352,3663
C8_dinov3l_bv_grid4x4_rand_100000_s5,model,simlex999,-0.02953562955047522,374,999,3663
C8_dinov3l_bv_grid4x4_rand_100000_s5,model,rg65,,13,65,3663
C8_dinov3l_bv_grid4x4_rand_100000_s5,model,MTest-3000,-0.0016030281407928575,1375,3000,3663
C8_dinov3l_bv_grid4x4_rand_100000_s5,model,SimVerb-3500,-0.03774770211279411,942,3500,3663
C8_dinov3l_bv_grid4x4_rand_100000_s6,model,wordsim353,-0.12547149544947156,85,352,3736
C8_dinov3l_bv_grid4x4_rand_100000_s6,model,simlex999,0.01230712461960356,389,999,3736
C8_dinov3l_bv_grid4x4_rand_100000_s6,model,rg65,,11,65,3736
C8_dinov3l_bv_grid4x4_rand_100000_s6,model,MTest-3000,0.010120522395667365,1410,3000,3736
C8_dinov3l_bv_grid4x4_rand_100000_s6,model,SimVerb-3500,0.01049538457525545,1039,3500,3736
C8_dinov3l_bv_grid4x4_rand_100000_s7,model,wordsim353,0.04727193861341657,77,352,3676
C8_dinov3l_bv_grid4x4_rand_100000_s7,model,simlex999,0.046648361640813894,373,999,3676
C8_dinov3l_bv_grid4x4_rand_100000_s7,model,rg65,,11,65,3676
C8_dinov3l_bv_grid4x4_rand_100000_s7,model,MTest-3000,0.05352976470276914,1387,3000,3676
C8_dinov3l_bv_grid4x4_rand_100000_s7,model,SimVerb-3500,-0.0009008404775444531,983,3500,3676
C8_dinov3l_bv_grid4x4_rand_10000_s0,model,wordsim353,,15,352,917
C8_dinov3l_bv_grid4x4_rand_10000_s0,model,simlex999,0.17738620351316714,67,999,917
C8_dinov3l_bv_grid4x4_rand_10000_s0,model,rg65,,0,65,917
C8_dinov3l_bv_grid4x4_rand_10000_s0,model,MTest-3000,0.012024395150344742,372,3000,917
C8_dinov3l_bv_grid4x4_rand_10000_s0,model,SimVerb-3500,-0.013291409118128263,269,3500,917
C8_dinov3l_bv_grid4x4_rand_10000_s1,model,wordsim353,,14,352,921
C8_dinov3l_bv_grid4x4_rand_10000_s1,model,simlex999,-0.03032910182201341,72,999,921
C8_dinov3l_bv_grid4x4_rand_10000_s1,model,rg65,,2,65,921
C8_dinov3l_bv_grid4x4_rand_10000_s1,model,MTest-3000,0.07815478786962217,397,3000,921
C8_dinov3l_bv_grid4x4_rand_10000_s1,model,SimVerb-3500,-0.02184180622232351,245,3500,921
C8_dinov3l_bv_grid4x4_rand_10000_s2,model,wordsim353,,17,352,942
C8_dinov3l_bv_grid4x4_rand_10000_s2,model,simlex999,-0.14534578623434416,78,999,942
C8_dinov3l_bv_grid4x4_rand_10000_s2,model,rg65,,1,65,942
C8_dinov3l_bv_grid4x4_rand_10000_s2,model,MTest-3000,0.09106775348538755,366,3000,942
C8_dinov3l_bv_grid4x4_rand_10000_s2,model,SimVerb-3500,0.10052371778850898,269,3500,942
C8_dinov3l_bv_grid4x4_rand_10000_s3,model,wordsim353,,19,352,935
C8_dinov3l_bv_grid4x4_rand_10000_s3,model,simlex999,-0.035377761312992466,79,999,935
C8_dinov3l_bv_grid4x4_rand_10000_s3,model,rg65,,2,65,935
C8_dinov3l_bv_grid4x4_rand_10000_s3,model,MTest-3000,0.07330036065265953,383,3000,935
C8_dinov3l_bv_grid4x4_rand_10000_s3,model,SimVerb-3500,0.013479426522573175,269,3500,935
C8_dinov3l_bv_grid4x4_rand_10000_s4,model,wordsim353,,15,352,927
C8_dinov3l_bv_grid4x4_rand_10000_s4,model,simlex999,0.16153195180905383,75,999,927
C8_dinov3l_bv_grid4x4_rand_10000_s4,model,rg65,,2,65,927
C8_dinov3l_bv_grid4x4_rand_10000_s4,model,MTest-3000,0.020499529501543545,352,3000,927
C8_dinov3l_bv_grid4x4_rand_10000_s4,model,SimVerb-3500,-0.04301627480443873,249,3500,927
C8_dinov3l_bv_grid4x4_rand_10000_s5,model,wordsim353,,12,352,914
C8_dinov3l_bv_grid4x4_rand_10000_s5,model,simlex999,0.2409171317050432,77,999,914
C8_dinov3l_bv_grid4x4_rand_10000_s5,model,rg65,,0,65,914
C8_dinov3l_bv_grid4x4_rand_10000_s5,model,MTest-3000,0.008804433600997589,340,3000,914
C8_dinov3l_bv_grid4x4_rand_10000_s5,model,SimVerb-3500,0.03094756691031591,270,3500,914
C8_dinov3l_bv_grid4x4_rand_10000_s6,model,wordsim353,,13,352,938
C8_dinov3l_bv_grid4x4_rand_10000_s6,model,simlex999,-0.003326058977549734,77,999,938
C8_dinov3l_bv_grid4x4_rand_10000_s6,model,rg65,,2,65,938
C8_dinov3l_bv_grid4x4_rand_10000_s6,model,MTest-3000,-0.06960712199549539,353,3000,938
C8_dinov3l_bv_grid4x4_rand_10000_s6,model,SimVerb-3500,0.024075758864513106,273,3500,938
C8_dinov3l_bv_grid4x4_rand_10000_s7,model,wordsim353,,19,352,932
C8_dinov3l_bv_grid4x4_rand_10000_s7,model,simlex999,0.1746409624769517,72,999,932
C8_dinov3l_bv_grid4x4_rand_10000_s7,model,rg65,,2,65,932
C8_dinov3l_bv_grid4x4_rand_10000_s7,model,MTest-3000,0.10061447912700228,384,3000,932
C8_dinov3l_bv_grid4x4_rand_10000_s7,model,SimVerb-3500,0.007019709494370408,286,3500,932
C8_dinov3l_bv_grid4x4_rand_300000_s0,model,wordsim353,0.019153658280897434,149,352,6740
C8_dinov3l_bv_grid4x4_rand_300000_s0,model,simlex999,0.02345974619387382,558,999,6740
C8_dinov3l_bv_grid4x4_rand_300000_s0,model,rg65,,17,65,6740
C8_dinov3l_bv_grid4x4_rand_300000_s0,model,MTest-3000,0.05352050638731124,2027,3000,6740
C8_dinov3l_bv_grid4x4_rand_300000_s0,model,SimVerb-3500,-0.014061301381475782,1575,3500,6740
C8_dinov3l_bv_grid4x4_rand_300000_s1,model,wordsim353,0.04341836234383263,140,352,6716
C8_dinov3l_bv_grid4x4_rand_300000_s1,model,simlex999,0.06811038296280846,560,999,6716
C8_dinov3l_bv_grid4x4_rand_300000_s1,model,rg65,,18,65,6716
C8_dinov3l_bv_grid4x4_rand_300000_s1,model,MTest-3000,0.023617691326202107,1994,3000,6716
C8_dinov3l_bv_grid4x4_rand_300000_s1,model,SimVerb-3500,-0.0036208218480294897,1541,3500,6716
C8_dinov3l_bv_grid4x4_rand_300000_s2,model,wordsim353,0.16618343224370796,141,352,6716
C8_dinov3l_bv_grid4x4_rand_300000_s2,model,simlex999,-0.04673108023398476,552,999,6716
C8_dinov3l_bv_grid4x4_rand_300000_s2,model,rg65,0.3091387958370259,20,65,6716
C8_dinov3l_bv_grid4x4_rand_300000_s2,model,MTest-3000,0.05949811855279549,1922,3000,6716
C8_dinov3l_bv_grid4x4_rand_300000_s2,model,SimVerb-3500,-0.014256651565832803,1485,3500,6716
C8_dinov3l_bv_grid4x4_rand_300000_s3,model,wordsim353,-0.08677344659358661,143,352,6718
C8_dinov3l_bv_grid4x4_rand_300000_s3,model,simlex999,-0.01926104145889626,538,999,6718
C8_dinov3l_bv_grid4x4_rand_300000_s3,model,rg65,0.1261143756710296,24,65,6718
C8_dinov3l_bv_grid4x4_rand_300000_s3,model,MTest-3000,0.05075738952645638,1915,3000,6718
C8_dinov3l_bv_grid4x4_rand_300000_s3,model,SimVerb-3500,0.0041907204177026,1554,3500,6718
C8_dinov3l_bv_grid4x4_rand_300000_s4,model,wordsim353,-0.11301824741323394,141,352,6730
C8_dinov3l_bv_grid4x4_rand_300000_s4,model,simlex999,0.02478084304550594,557,999,6730
C8_dinov3l_bv_grid4x4_rand_300000_s4,model,rg65,,18,65,6730
C8_dinov3l_bv_grid4x4_rand_300000_s4,model,MTest-3000,0.02014364029950478,1978,3000,6730
C8_dinov3l_bv_grid4x4_rand_300000_s4,model,SimVerb-3500,0.04013956273656765,1556,3500,6730
C8_dinov3l_bv_grid4x4_rand_30000_s0,model,wordsim353,-0.014464402386540159,37,352,1779
C8_dinov3l_bv_grid4x4_rand_30000_s0,model,simlex999,-0.03163884828967451,175,999,1779
C8_dinov3l_bv_grid4x4_rand_30000_s0,model,rg65,,2,65,1779
C8_dinov3l_bv_grid4x4_rand_30000_s0,model,MTest-3000,0.041420835899341445,792,3000,1779
C8_dinov3l_bv_grid4x4_rand_30000_s0,model,SimVerb-3500,0.026000860081858992,493,3500,1779
C8_dinov3l_bv_grid4x4_rand_30000_s1,model,wordsim353,0.04018851055380426,47,352,1866
C8_dinov3l_bv_grid4x4_rand_30000_s1,model,simlex999,-0.06164570643170611,195,999,1866
C8_dinov3l_bv_grid4x4_rand_30000_s1,model,rg65,,4,65,1866
C8_dinov3l_bv_grid4x4_rand_30000_s1,model,MTest-3000,0.04197704633372425,755,3000,1866
C8_dinov3l_bv_grid4x4_rand_30000_s1,model,SimVerb-3500,0.026309094722566966,475,3500,1866
C8_dinov3l_bv_grid4x4_rand_30000_s2,model,wordsim353,0.018666323996646975,36,352,1856
C8_dinov3l_bv_grid4x4_rand_30000_s2,model,simlex999,0.014373762632508369,191,999,1856
C8_dinov3l_bv_grid4x4_rand_30000_s2,model,rg65,,3,65,1856
C8_dinov3l_bv_grid4x4_rand_30000_s2,model,MTest-3000,0.026991451857967436,799,3000,1856
C8_dinov3l_bv_grid4x4_rand_30000_s2,model,SimVerb-3500,0.022279842060278495,523,3500,1856
C8_dinov3l_bv_grid4x4_rand_30000_s3,model,wordsim353,0.01696399296412962,38,352,1817
C8_dinov3l_bv_grid4x4_rand_30000_s3,model,simlex999,0.025860400082853372,182,999,1817
C8_dinov3l_bv_grid4x4_rand_30000_s3,model,rg65,,2,65,1817
C8_dinov3l_bv_grid4x4_rand_30000_s3,model,MTest-3000,0.018405158108227165,738,3000,1817
C8_dinov3l_bv_grid4x4_rand_30000_s3,model,SimVerb-3500,0.03763704346013151,506,3500,1817
C8_dinov3l_bv_grid4x4_rand_30000_s4,model,wordsim353,-0.004634099333344904,36,352,1848
C8_dinov3l_bv_grid4x4_rand_30000_s4,model,simlex999,0.03210859683289469,200,999,1848
C8_dinov3l_bv_grid4x4_rand_30000_s4,model,rg65,,3,65,1848
C8_dinov3l_bv_grid4x4_rand_30000_s4,model,MTest-3000,0.057628423272167696,738,3000,1848
C8_dinov3l_bv_grid4x4_rand_30000_s4,model,SimVerb-3500,-0.031013635573034118,549,3500,1848
C8_dinov3l_bv_grid4x4_rand_30000_s5,model,wordsim353,-0.06131541209053931,43,352,1852
C8_dinov3l_bv_grid4x4_rand_30000_s5,model,simlex999,-0.08458044784048507,191,999,1852
C8_dinov3l_bv_grid4x4_rand_30000_s5,model,rg65,,2,65,1852
C8_dinov3l_bv_grid4x4_rand_30000_s5,model,MTest-3000,0.01908229519531281,833,3000,1852
C8_dinov3l_bv_grid4x4_rand_30000_s5,model,SimVerb-3500,-0.043768327786013514,521,3500,1852
C8_dinov3l_bv_grid4x4_rand_30000_s6,model,wordsim353,-0.0304142936759338,47,352,1849
C8_dinov3l_bv_grid4x4_rand_30000_s6,model,simlex999,-0.0016945860388476416,177,999,1849
C8_dinov3l_bv_grid4x4_rand_30000_s6,model,rg65,,6,65,1849
C8_dinov3l_bv_grid4x4_rand_30000_s6,model,MTest-3000,-0.053956867655315634,818,3000,1849
C8_dinov3l_bv_grid4x4_rand_30000_s6,model,SimVerb-3500,0.02546633867708569,502,3500,1849
C8_dinov3l_bv_grid4x4_rand_30000_s7,model,wordsim353,-0.15828485923274016,40,352,1876
C8_dinov3l_bv_grid4x4_rand_30000_s7,model,simlex999,0.06088623105708431,191,999,1876
C8_dinov3l_bv_grid4x4_rand_30000_s7,model,rg65,,6,65,1876
C8_dinov3l_bv_grid4x4_rand_30000_s7,model,MTest-3000,-0.009638509420381459,770,3000,1876
C8_dinov3l_bv_grid4x4_rand_30000_s7,model,SimVerb-3500,0.05101825770260492,544,3500,1876
C8_dinov3l_bv_grid4x4_rand_3000_s0,model,wordsim353,,5,352,387
C8_dinov3l_bv_grid4x4_rand_3000_s0,model,simlex999,,19,999,387
C8_dinov3l_bv_grid4x4_rand_3000_s0,model,rg65,,0,65,387
C8_dinov3l_bv_grid4x4_rand_3000_s0,model,MTest-3000,-0.006507804466172533,74,3000,387
C8_dinov3l_bv_grid4x4_rand_3000_s0,model,SimVerb-3500,-0.09175606311986312,91,3500,387
C8_dinov3l_bv_grid4x4_rand_3000_s1,model,wordsim353,,1,352,385
C8_dinov3l_bv_grid4x4_rand_3000_s1,model,simlex999,,15,999,385
C8_dinov3l_bv_grid4x4_rand_3000_s1,model,rg65,,0,65,385
C8_dinov3l_bv_grid4x4_rand_3000_s1,model,MTest-3000,0.04772117280041666,70,3000,385
C8_dinov3l_bv_grid4x4_rand_3000_s1,model,SimVerb-3500,-0.09074616531426218,118,3500,385
C8_dinov3l_bv_grid4x4_rand_3000_s2,model,wordsim353,,3,352,388
C8_dinov3l_bv_grid4x4_rand_3000_s2,model,simlex999,,14,999,388
C8_dinov3l_bv_grid4x4_rand_3000_s2,model,rg65,,0,65,388
C8_dinov3l_bv_grid4x4_rand_3000_s2,model,MTest-3000,0.02306912541682387,74,3000,388
C8_dinov3l_bv_grid4x4_rand_3000_s2,model,SimVerb-3500,-0.08478962681656971,82,3500,388
C8_dinov3l_bv_grid4x4_rand_3000_s3,model,wordsim353,,1,352,381
C8_dinov3l_bv_grid4x4_rand_3000_s3,model,simlex999,,15,999,381
C8_dinov3l_bv_grid4x4_rand_3000_s3,model,rg65,,0,65,381
C8_dinov3l_bv_grid4x4_rand_3000_s3,model,MTest-3000,0.044520467189117244,60,3000,381
C8_dinov3l_bv_grid4x4_rand_3000_s3,model,SimVerb-3500,-0.18753774625039532,94,3500,381
C8_dinov3l_bv_grid4x4_rand_3000_s4,model,wordsim353,,0,352,383
C8_dinov3l_bv_grid4x4_rand_3000_s4,model,simlex999,,10,999,383
C8_dinov3l_bv_grid4x4_rand_3000_s4,model,rg65,,0,65,383
C8_dinov3l_bv_grid4x4_rand_3000_s4,model,MTest-3000,-0.11503080982827284,64,3000,383
C8_dinov3l_bv_grid4x4_rand_3000_s4,model,SimVerb-3500,0.07166408571199868,83,3500,383
C8_dinov3l_bv_grid4x4_rand_3000_s5,model,wordsim353,,4,352,379
C8_dinov3l_bv_grid4x4_rand_3000_s5,model,simlex999,,18,999,379
C8_dinov3l_bv_grid4x4_rand_3000_s5,model,rg65,,0,65,379
C8_dinov3l_bv_grid4x4_rand_3000_s5,model,MTest-3000,-0.15526724585427798,83,3000,379
C8_dinov3l_bv_grid4x4_rand_3000_s5,model,SimVerb-3500,0.19089110390892852,92,3500,379
C8_dinov3l_bv_grid4x4_rand_3000_s6,model,wordsim353,,5,352,386
C8_dinov3l_bv_grid4x4_rand_3000_s6,model,simlex999,,19,999,386
C8_dinov3l_bv_grid4x4_rand_3000_s6,model,rg65,,0,65,386
C8_dinov3l_bv_grid4x4_rand_3000_s6,model,MTest-3000,-0.03778066570790063,91,3000,386
C8_dinov3l_bv_grid4x4_rand_3000_s6,model,SimVerb-3500,-0.007000636910001659,92,3500,386
C8_dinov3l_bv_grid4x4_rand_3000_s7,model,wordsim353,,2,352,403
C8_dinov3l_bv_grid4x4_rand_3000_s7,model,simlex999,,16,999,403
C8_dinov3l_bv_grid4x4_rand_3000_s7,model,rg65,,0,65,403
C8_dinov3l_bv_grid4x4_rand_3000_s7,model,MTest-3000,-0.1477689339259741,68,3000,403
C8_dinov3l_bv_grid4x4_rand_3000_s7,model,SimVerb-3500,0.1996569459468078,107,3500,403
C8_dinov3l_grid4x4_base_s0,model,wordsim353,0.248762807012823,254,352,16206
C8_dinov3l_grid4x4_base_s0,model,simlex999,0.13093806094841348,821,999,16206
C8_dinov3l_grid4x4_base_s0,model,rg65,0.3118746480268016,43,65,16206
C8_dinov3l_grid4x4_base_s0,model,MTest-3000,0.3358367635023455,2707,3000,16206
C8_dinov3l_grid4x4_base_s0,model,SimVerb-3500,0.04760847426780232,2486,3500,16206
C8_dinov3l_grid4x4_base_s1,model,wordsim353,0.18792573568062712,254,352,16206
C8_dinov3l_grid4x4_base_s1,model,simlex999,0.038557784803399386,821,999,16206
C8_dinov3l_grid4x4_base_s1,model,rg65,0.33800264517384115,43,65,16206
C8_dinov3l_grid4x4_base_s1,model,MTest-3000,0.3535815476347681,2707,3000,16206
C8_dinov3l_grid4x4_base_s1,model,SimVerb-3500,0.03648160395746953,2486,3500,16206
C8_dinov3l_grid4x4_base_s2,model,wordsim353,0.25586914931840804,254,352,16206
C8_dinov3l_grid4x4_base_s2,model,simlex999,0.03468895949119743,821,999,16206
C8_dinov3l_grid4x4_base_s2,model,rg65,0.37961110305828855,43,65,16206
C8_dinov3l_grid4x4_base_s2,model,MTest-3000,0.3593508484277372,2707,3000,16206
C8_dinov3l_grid4x4_base_s2,model,SimVerb-3500,0.01301292846634866,2486,3500,16206
C8_dinov3l_grid4x4_rand_1000000_s0,model,wordsim353,0.11846605313953178,214,352,12219
C8_dinov3l_grid4x4_rand_1000000_s0,model,simlex999,0.11661587937204768,732,999,12219
C8_dinov3l_grid4x4_rand_1000000_s0,model,rg65,0.127633593736197,27,65,12219
C8_dinov3l_grid4x4_rand_1000000_s0,model,MTest-3000,0.2794030365119645,2537,3000,12219
C8_dinov3l_grid4x4_rand_1000000_s0,model,SimVerb-3500,0.02773141379380465,2182,3500,12219
C8_dinov3l_grid4x4_rand_1000000_s1,model,wordsim353,0.10708663970226838,210,352,12207
C8_dinov3l_grid4x4_rand_1000000_s1,model,simlex999,0.09321501448019175,734,999,12207
C8_dinov3l_grid4x4_rand_1000000_s1,model,rg65,0.3055578867462926,33,65,12207
C8_dinov3l_grid4x4_rand_1000000_s1,model,MTest-3000,0.28488595220804624,2535,3000,12207
C8_dinov3l_grid4x4_rand_1000000_s1,model,SimVerb-3500,0.05373790424154864,2136,3500,12207
C8_dinov3l_grid4x4_rand_1000000_s2,model,wordsim353,0.23844705318021625,221,352,12276
C8_dinov3l_grid4x4_rand_1000000_s2,model,simlex999,0.09359771371360294,739,999,12276
C8_dinov3l_grid4x4_rand_1000000_s2,model,rg65,0.31690220971184097,30,65,12276
C8_dinov3l_grid4x4_rand_1000000_s2,model,MTest-3000,0.2787342082600372,2538,3000,12276
C8_dinov3l_grid4x4_rand_1000000_s2,model,SimVerb-3500,0.059999157924815,2149,3500,12276
C8_dinov3l_grid4x4_rand_100000_s0,model,wordsim353,0.10409655002665254,79,352,3655
C8_dinov3l_grid4x4_rand_100000_s0,model,simlex999,0.013471317333389236,364,999,3655
C8_dinov3l_grid4x4_rand_100000_s0,model,rg65,,11,65,3655
C8_dinov3l_grid4x4_rand_100000_s0,model,MTest-3000,0.0515996222957639,1343,3000,3655
C8_dinov3l_grid4x4_rand_100000_s0,model,SimVerb-3500,0.06224407762009547,979,3500,3655
C8_dinov3l_grid4x4_rand_100000_s1,model,wordsim353,-0.02153063779835887,86,352,3674
C8_dinov3l_grid4x4_rand_100000_s1,model,simlex999,-0.061453895818688445,346,999,3674
C8_dinov3l_grid4x4_rand_100000_s1,model,rg65,,10,65,3674
C8_dinov3l_grid4x4_rand_100000_s1,model,MTest-3000,0.042169046360212924,1371,3000,3674
C8_dinov3l_grid4x4_rand_100000_s1,model,SimVerb-3500,0.017674954234044308,999,3500,3674
C8_dinov3l_grid4x4_rand_100000_s2,model,wordsim353,0.14330343045087568,73,352,3716
C8_dinov3l_grid4x4_rand_100000_s2,model,simlex999,0.01573225051176173,370,999,3716
C8_dinov3l_grid4x4_rand_100000_s2,model,rg65,,10,65,3716
C8_dinov3l_grid4x4_rand_100000_s2,model,MTest-3000,0.036439421705188754,1421,3000,3716
C8_dinov3l_grid4x4_rand_100000_s2,model,SimVerb-3500,0.03174218708508377,1008,3500,3716
C8_dinov3l_grid4x4_rand_100000_s3,model,wordsim353,-0.16098379003456698,81,352,3707
C8_dinov3l_grid4x4_rand_100000_s3,model,simlex999,0.026378783460471584,362,999,3707
C8_dinov3l_grid4x4_rand_100000_s3,model,rg65,,12,65,3707
C8_dinov3l_grid4x4_rand_100000_s3,model,MTest-3000,0.020023079197660647,1382,3000,3707
C8_dinov3l_grid4x4_rand_100000_s3,model,SimVerb-3500,0.01999941520201674,1038,3500,3707
C8_dinov3l_grid4x4_rand_100000_s4,model,wordsim353,-0.06786553329122684,86,352,3676
C8_dinov3l_grid4x4_rand_100000_s4,model,simlex999,0.08174177158458028,386,999,3676
C8_dinov3l_grid4x4_rand_100000_s4,model,rg65,,13,65,3676
C8_dinov3l_grid4x4_rand_100000_s4,model,MTest-3000,0.0233090964939016,1407,3000,3676
C8_dinov3l_grid4x4_rand_100000_s4,model,SimVerb-3500,-0.01895862256054175,978,3500,3676
C8_dinov3l_grid4x4_rand_100000_s5,model,wordsim353,-0.1319422905444796,82,352,3663
C8_dinov3l_grid4x4_rand_100000_s5,model,simlex999,-0.03745514542592681,374,999,3663
C8_dinov3l_grid4x4_rand_100000_s5,model,rg65,,13,65,3663
C8_dinov3l_grid4x4_rand_100000_s5,model,MTest-3000,0.016773086165131748,1375,3000,3663
C8_dinov3l_grid4x4_rand_100000_s5,model,SimVerb-3500,-0.03857060580096489,942,3500,3663
C8_dinov3l_grid4x4_rand_100000_s6,model,wordsim353,-0.06752399015232464,85,352,3736
C8_dinov3l_grid4x4_rand_100000_s6,model,simlex999,0.0014193314604041875,389,999,3736
C8_dinov3l_grid4x4_rand_100000_s6,model,rg65,,11,65,3736
C8_dinov3l_grid4x4_rand_100000_s6,model,MTest-3000,0.047004753888118464,1410,3000,3736
C8_dinov3l_grid4x4_rand_100000_s6,model,SimVerb-3500,0.01122705081684315,1039,3500,3736
C8_dinov3l_grid4x4_rand_100000_s7,model,wordsim353,0.08117469992709882,77,352,3676
C8_dinov3l_grid4x4_rand_100000_s7,model,simlex999,0.05340710860380769,373,999,3676
C8_dinov3l_grid4x4_rand_100000_s7,model,rg65,,11,65,3676
C8_dinov3l_grid4x4_rand_100000_s7,model,MTest-3000,0.07560099676038731,1387,3000,3676
C8_dinov3l_grid4x4_rand_100000_s7,model,SimVerb-3500,-0.00639812625376233,983,3500,3676
C8_dinov3l_grid4x4_rand_10000_s0,model,wordsim353,,15,352,917
C8_dinov3l_grid4x4_rand_10000_s0,model,simlex999,0.16633074657242078,67,999,917
C8_dinov3l_grid4x4_rand_10000_s0,model,rg65,,0,65,917
C8_dinov3l_grid4x4_rand_10000_s0,model,MTest-3000,0.015793212796332837,372,3000,917
C8_dinov3l_grid4x4_rand_10000_s0,model,SimVerb-3500,-0.014782040203598697,269,3500,917
C8_dinov3l_grid4x4_rand_10000_s1,model,wordsim353,,14,352,921
C8_dinov3l_grid4x4_rand_10000_s1,model,simlex999,-0.017496321729772318,72,999,921
C8_dinov3l_grid4x4_rand_10000_s1,model,rg65,,2,65,921
C8_dinov3l_grid4x4_rand_10000_s1,model,MTest-3000,0.07720203987836063,397,3000,921
C8_dinov3l_grid4x4_rand_10000_s1,model,SimVerb-3500,-0.025800539213378312,245,3500,921
C8_dinov3l_grid4x4_rand_10000_s2,model,wordsim353,,17,352,942
C8_dinov3l_grid4x4_rand_10000_s2,model,simlex999,-0.14261415047113016,78,999,942
C8_dinov3l_grid4x4_rand_10000_s2,model,rg65,,1,65,942
C8_dinov3l_grid4x4_rand_10000_s2,model,MTest-3000,0.09798288139774992,366,3000,942
C8_dinov3l_grid4x4_rand_10000_s2,model,SimVerb-3500,0.10245433413111696,269,3500,942
C8_dinov3l_grid4x4_rand_10000_s3,model,wordsim353,,19,352,935
C8_dinov3l_grid4x4_rand_10000_s3,model,simlex999,-0.027367242750036845,79,999,935
C8_dinov3l_grid4x4_rand_10000_s3,model,rg65,,2,65,935
C8_dinov3l_grid4x4_rand_10000_s3,model,MTest-3000,0.07924001207018308,383,3000,935
C8_dinov3l_grid4x4_rand_10000_s3,model,SimVerb-3500,0.016803184094216498,269,3500,935
C8_dinov3l_grid4x4_rand_10000_s4,model,wordsim353,,15,352,927
C8_dinov3l_grid4x4_rand_10000_s4,model,simlex999,0.13589512098644377,75,999,927
C8_dinov3l_grid4x4_rand_10000_s4,model,rg65,,2,65,927
C8_dinov3l_grid4x4_rand_10000_s4,model,MTest-3000,0.022613920240138315,352,3000,927
C8_dinov3l_grid4x4_rand_10000_s4,model,SimVerb-3500,-0.04203297679131076,249,3500,927
C8_dinov3l_grid4x4_rand_10000_s5,model,wordsim353,,12,352,914
C8_dinov3l_grid4x4_rand_10000_s5,model,simlex999,0.23473808385230815,77,999,914
C8_dinov3l_grid4x4_rand_10000_s5,model,rg65,,0,65,914
C8_dinov3l_grid4x4_rand_10000_s5,model,MTest-3000,0.012816209379085756,340,3000,914
C8_dinov3l_grid4x4_rand_10000_s5,model,SimVerb-3500,0.029542397890414483,270,3500,914
C8_dinov3l_grid4x4_rand_10000_s6,model,wordsim353,,13,352,938
C8_dinov3l_grid4x4_rand_10000_s6,model,simlex999,-0.011148213489969068,77,999,938
C8_dinov3l_grid4x4_rand_10000_s6,model,rg65,,2,65,938
C8_dinov3l_grid4x4_rand_10000_s6,model,MTest-3000,-0.06527834056523968,353,3000,938
C8_dinov3l_grid4x4_rand_10000_s6,model,SimVerb-3500,0.017877466308382578,273,3500,938
C8_dinov3l_grid4x4_rand_10000_s7,model,wordsim353,,19,352,932
C8_dinov3l_grid4x4_rand_10000_s7,model,simlex999,0.18168514164307245,72,999,932
C8_dinov3l_grid4x4_rand_10000_s7,model,rg65,,2,65,932
C8_dinov3l_grid4x4_rand_10000_s7,model,MTest-3000,0.10020020616250791,384,3000,932
C8_dinov3l_grid4x4_rand_10000_s7,model,SimVerb-3500,0.006670250657010399,286,3500,932
C8_dinov3l_grid4x4_rand_300000_s0,model,wordsim353,0.040422399955632016,149,352,6740
C8_dinov3l_grid4x4_rand_300000_s0,model,simlex999,0.023197762336039686,558,999,6740
C8_dinov3l_grid4x4_rand_300000_s0,model,rg65,,17,65,6740
C8_dinov3l_grid4x4_rand_300000_s0,model,MTest-3000,0.09930579843284998,2027,3000,6740
C8_dinov3l_grid4x4_rand_300000_s0,model,SimVerb-3500,-0.003341716156186516,1575,3500,6740
C8_dinov3l_grid4x4_rand_300000_s1,model,wordsim353,0.03390590320529463,140,352,6716
C8_dinov3l_grid4x4_rand_300000_s1,model,simlex999,0.06494895299476829,560,999,6716
C8_dinov3l_grid4x4_rand_300000_s1,model,rg65,,18,65,6716
C8_dinov3l_grid4x4_rand_300000_s1,model,MTest-3000,0.060877776684303615,1994,3000,6716
C8_dinov3l_grid4x4_rand_300000_s1,model,SimVerb-3500,-0.005638220396841232,1541,3500,6716
C8_dinov3l_grid4x4_rand_300000_s2,model,wordsim353,0.24951596289673236,141,352,6716
C8_dinov3l_grid4x4_rand_300000_s2,model,simlex999,-0.03120626793011885,552,999,6716
C8_dinov3l_grid4x4_rand_300000_s2,model,rg65,0.27679580746478233,20,65,6716
C8_dinov3l_grid4x4_rand_300000_s2,model,MTest-3000,0.09955075882713327,1922,3000,6716
C8_dinov3l_grid4x4_rand_300000_s2,model,SimVerb-3500,-0.018657701736923892,1485,3500,6716
C8_dinov3l_grid4x4_rand_300000_s3,model,wordsim353,-0.07884241882892579,143,352,6718
C8_dinov3l_grid4x4_rand_300000_s3,model,simlex999,0.018828522948516446,538,999,6718
C8_dinov3l_grid4x4_rand_300000_s3,model,rg65,0.22048271884555865,24,65,6718
C8_dinov3l_grid4x4_rand_300000_s3,model,MTest-3000,0.08517384878610301,1915,3000,6718
C8_dinov3l_grid4x4_rand_300000_s3,model,SimVerb-3500,0.01360896102138834,1554,3500,6718
C8_dinov3l_grid4x4_rand_300000_s4,model,wordsim353,0.0013935164033867813,141,352,6730
C8_dinov3l_grid4x4_rand_300000_s4,model,simlex999,0.03599271869119007,557,999,6730
C8_dinov3l_grid4x4_rand_300000_s4,model,rg65,,18,65,6730
C8_dinov3l_grid4x4_rand_300000_s4,model,MTest-3000,0.11678591132966008,1978,3000,6730
C8_dinov3l_grid4x4_rand_300000_s4,model,SimVerb-3500,0.05205436144926433,1556,3500,6730
C8_dinov3l_grid4x4_rand_30000_s0,model,wordsim353,0.018139783320824953,37,352,1779
C8_dinov3l_grid4x4_rand_30000_s0,model,simlex999,-0.03074201491576166,175,999,1779
C8_dinov3l_grid4x4_rand_30000_s0,model,rg65,,2,65,1779
C8_dinov3l_grid4x4_rand_30000_s0,model,MTest-3000,0.04033298889907617,792,3000,1779
C8_dinov3l_grid4x4_rand_30000_s0,model,SimVerb-3500,0.02680467784836578,493,3500,1779
C8_dinov3l_grid4x4_rand_30000_s1,model,wordsim353,0.045103652132327074,47,352,1866
C8_dinov3l_grid4x4_rand_30000_s1,model,simlex999,-0.07232542691820089,195,999,1866
C8_dinov3l_grid4x4_rand_30000_s1,model,rg65,,4,65,1866
C8_dinov3l_grid4x4_rand_30000_s1,model,MTest-3000,0.0515943350517587,755,3000,1866
C8_dinov3l_grid4x4_rand_30000_s1,model,SimVerb-3500,0.0250656166735114,475,3500,1866
C8_dinov3l_grid4x4_rand_30000_s2,model,wordsim353,-0.02175592245126441,36,352,1856
C8_dinov3l_grid4x4_rand_30000_s2,model,simlex999,0.011092710830348108,191,999,1856
C8_dinov3l_grid4x4_rand_30000_s2,model,rg65,,3,65,1856
C8_dinov3l_grid4x4_rand_30000_s2,model,MTest-3000,0.038588590005485104,799,3000,1856
C8_dinov3l_grid4x4_rand_30000_s2,model,SimVerb-3500,0.02956540830986205,523,3500,1856
C8_dinov3l_grid4x4_rand_30000_s3,model,wordsim353,0.05001641796520797,38,352,1817
C8_dinov3l_grid4x4_rand_30000_s3,model,simlex999,0.04968131131732652,182,999,1817
C8_dinov3l_grid4x4_rand_30000_s3,model,rg65,,2,65,1817
C8_dinov3l_grid4x4_rand_30000_s3,model,MTest-3000,0.006267244187563025,738,3000,1817
C8_dinov3l_grid4x4_rand_30000_s3,model,SimVerb-3500,0.0428174735260828,506,3500,1817
C8_dinov3l_grid4x4_rand_30000_s4,model,wordsim353,0.05084636768531214,36,352,1848
C8_dinov3l_grid4x4_rand_30000_s4,model,simlex999,0.037282515281626405,200,999,1848
C8_dinov3l_grid4x4_rand_30000_s4,model,rg65,,3,65,1848
C8_dinov3l_grid4x4_rand_30000_s4,model,MTest-3000,0.06245751847829349,738,3000,1848
C8_dinov3l_grid4x4_rand_30000_s4,model,SimVerb-3500,-0.03385397793468322,549,3500,1848
C8_dinov3l_grid4x4_rand_30000_s5,model,wordsim353,-0.04357018814808028,43,352,1852
C8_dinov3l_grid4x4_rand_30000_s5,model,simlex999,-0.09427977976224307,191,999,1852
C8_dinov3l_grid4x4_rand_30000_s5,model,rg65,,2,65,1852
C8_dinov3l_grid4x4_rand_30000_s5,model,MTest-3000,0.03245360881086769,833,3000,1852
C8_dinov3l_grid4x4_rand_30000_s5,model,SimVerb-3500,-0.039943876185923204,521,3500,1852
C8_dinov3l_grid4x4_rand_30000_s6,model,wordsim353,-0.03209112735768681,47,352,1849
C8_dinov3l_grid4x4_rand_30000_s6,model,simlex999,0.0016448089265954117,177,999,1849
C8_dinov3l_grid4x4_rand_30000_s6,model,rg65,,6,65,1849
C8_dinov3l_grid4x4_rand_30000_s6,model,MTest-3000,-0.05858630466799516,818,3000,1849
C8_dinov3l_grid4x4_rand_30000_s6,model,SimVerb-3500,0.03177218754827151,502,3500,1849
C8_dinov3l_grid4x4_rand_30000_s7,model,wordsim353,-0.15847251170367405,40,352,1876
C8_dinov3l_grid4x4_rand_30000_s7,model,simlex999,0.06363339272484148,191,999,1876
C8_dinov3l_grid4x4_rand_30000_s7,model,rg65,,6,65,1876
C8_dinov3l_grid4x4_rand_30000_s7,model,MTest-3000,-0.004208428076921568,770,3000,1876
C8_dinov3l_grid4x4_rand_30000_s7,model,SimVerb-3500,0.049247794111848237,544,3500,1876
C8_dinov3l_grid4x4_rand_3000_s0,model,wordsim353,,5,352,387
C8_dinov3l_grid4x4_rand_3000_s0,model,simlex999,,19,999,387
C8_dinov3l_grid4x4_rand_3000_s0,model,rg65,,0,65,387
C8_dinov3l_grid4x4_rand_3000_s0,model,MTest-3000,0.004387950163979659,74,3000,387
C8_dinov3l_grid4x4_rand_3000_s0,model,SimVerb-3500,-0.0954763341284563,91,3500,387
C8_dinov3l_grid4x4_rand_3000_s1,model,wordsim353,,1,352,385
C8_dinov3l_grid4x4_rand_3000_s1,model,simlex999,,15,999,385
C8_dinov3l_grid4x4_rand_3000_s1,model,rg65,,0,65,385
C8_dinov3l_grid4x4_rand_3000_s1,model,MTest-3000,0.05694679938362267,70,3000,385
C8_dinov3l_grid4x4_rand_3000_s1,model,SimVerb-3500,-0.09464510058003965,118,3500,385
C8_dinov3l_grid4x4_rand_3000_s2,model,wordsim353,,3,352,388
C8_dinov3l_grid4x4_rand_3000_s2,model,simlex999,,14,999,388
C8_dinov3l_grid4x4_rand_3000_s2,model,rg65,,0,65,388
C8_dinov3l_grid4x4_rand_3000_s2,model,MTest-3000,0.025975004968043336,74,3000,388
C8_dinov3l_grid4x4_rand_3000_s2,model,SimVerb-3500,-0.08230638533754879,82,3500,388
C8_dinov3l_grid4x4_rand_3000_s3,model,wordsim353,,1,352,381
C8_dinov3l_grid4x4_rand_3000_s3,model,simlex999,,15,999,381
C8_dinov3l_grid4x4_rand_3000_s3,model,rg65,,0,65,381
C8_dinov3l_grid4x4_rand_3000_s3,model,MTest-3000,0.051694908497544635,60,3000,381
C8_dinov3l_grid4x4_rand_3000_s3,model,SimVerb-3500,-0.18770399670958818,94,3500,381
C8_dinov3l_grid4x4_rand_3000_s4,model,wordsim353,,0,352,383
C8_dinov3l_grid4x4_rand_3000_s4,model,simlex999,,10,999,383
C8_dinov3l_grid4x4_rand_3000_s4,model,rg65,,0,65,383
C8_dinov3l_grid4x4_rand_3000_s4,model,MTest-3000,-0.11535161288357079,64,3000,383
C8_dinov3l_grid4x4_rand_3000_s4,model,SimVerb-3500,0.07360662869466825,83,3500,383
C8_dinov3l_grid4x4_rand_3000_s5,model,wordsim353,,4,352,379
C8_dinov3l_grid4x4_rand_3000_s5,model,simlex999,,18,999,379
C8_dinov3l_grid4x4_rand_3000_s5,model,rg65,,0,65,379
C8_dinov3l_grid4x4_rand_3000_s5,model,MTest-3000,-0.1532402857318567,83,3000,379
C8_dinov3l_grid4x4_rand_3000_s5,model,SimVerb-3500,0.19342778591821996,92,3500,379
C8_dinov3l_grid4x4_rand_3000_s6,model,wordsim353,,5,352,386
C8_dinov3l_grid4x4_rand_3000_s6,model,simlex999,,19,999,386
C8_dinov3l_grid4x4_rand_3000_s6,model,rg65,,0,65,386
C8_dinov3l_grid4x4_rand_3000_s6,model,MTest-3000,-0.0515828409886608,91,3000,386
C8_dinov3l_grid4x4_rand_3000_s6,model,SimVerb-3500,-0.010416145887017888,92,3500,386
C8_dinov3l_grid4x4_rand_3000_s7,model,wordsim353,,2,352,403
C8_dinov3l_grid4x4_rand_3000_s7,model,simlex999,,16,999,403
C8_dinov3l_grid4x4_rand_3000_s7,model,rg65,,0,65,403
C8_dinov3l_grid4x4_rand_3000_s7,model,MTest-3000,-0.14870514775612315,68,3000,403
C8_dinov3l_grid4x4_rand_3000_s7,model,SimVerb-3500,0.1966671156527719,107,3500,403
bv26_base,w2v,wordsim353,0.35848161256779304,254,352,16205
bv26_base,w2v,simlex999,0.29147805301172797,821,999,16205
bv26_base,w2v,rg65,0.4583726667125147,43,65,16205
bv26_base,w2v,MTest-3000,0.5248491051370666,2707,3000,16205
bv26_base,w2v,SimVerb-3500,0.17883582879425028,2486,3500,16205
bv26_rand_1000000_s0,w2v,wordsim353,0.299948387284337,214,352,12218
bv26_rand_1000000_s0,w2v,simlex999,0.2975064712162367,732,999,12218
bv26_rand_1000000_s0,w2v,rg65,0.663206137787129,27,65,12218
bv26_rand_1000000_s0,w2v,MTest-3000,0.48268223318017717,2537,3000,12218
bv26_rand_1000000_s0,w2v,SimVerb-3500,0.1839860657850668,2182,3500,12218
bv26_rand_100000_s0,w2v,wordsim353,0.30968480189173225,79,352,3654
bv26_rand_100000_s0,w2v,simlex999,0.1217708601592188,364,999,3654
bv26_rand_100000_s0,w2v,rg65,,11,65,3654
bv26_rand_100000_s0,w2v,MTest-3000,0.31628797778769924,1343,3000,3654
bv26_rand_100000_s0,w2v,SimVerb-3500,0.06726146326941923,979,3500,3654
bv26_rand_10000_s0,w2v,wordsim353,,15,352,916
bv26_rand_10000_s0,w2v,simlex999,-0.22865239282864996,67,999,916
bv26_rand_10000_s0,w2v,rg65,,0,65,916
bv26_rand_10000_s0,w2v,MTest-3000,0.11158025352754107,372,3000,916
bv26_rand_10000_s0,w2v,SimVerb-3500,-0.013529466047789658,269,3500,916
bv26_rand_300000_s0,w2v,wordsim353,0.1636069610123101,149,352,6739
bv26_rand_300000_s0,w2v,simlex999,0.2382510419903921,558,999,6739
bv26_rand_300000_s0,w2v,rg65,,17,65,6739
bv26_rand_300000_s0,w2v,MTest-3000,0.3576064447095815,2027,3000,6739
bv26_rand_300000_s0,w2v,SimVerb-3500,0.10106015972022564,1575,3500,6739
bv26_rand_30000_s0,w2v,wordsim353,0.2652202306450027,37,352,1778
bv26_rand_30000_s0,w2v,simlex999,0.0007076138480810492,175,999,1778
bv26_rand_30000_s0,w2v,rg65,,2,65,1778
bv26_rand_30000_s0,w2v,MTest-3000,0.2689675551598352,792,3000,1778
bv26_rand_30000_s0,w2v,SimVerb-3500,0.019745076186802588,493,3500,1778
bv26_rand_3000_s0,w2v,wordsim353,,5,352,386
bv26_rand_3000_s0,w2v,simlex999,,19,999,386
bv26_rand_3000_s0,w2v,rg65,,0,65,386
bv26_rand_3000_s0,w2v,MTest-3000,-0.08239265882229371,74,3000,386
bv26_rand_3000_s0,w2v,SimVerb-3500,0.1475999598441417,91,3500,386
