word,x,y,pos,count,konkle60
you,38.738445,10.223687,PRON,218120,False
i,38.243893,9.079126,PRON,143486,False
s,27.035383,7.13809,PROPN,889,False
it,41.650593,4.9748783,PRON,142773,False
the,-30.546526,-27.308765,DET,123942,False
to,36.58248,19.270988,PART,112753,False
a,-30.556408,-27.312134,DET,90876,False
that,41.572006,4.9468446,PRON,72452,False
and,2.1227295,5.668274,CCONJ,57773,False
do,29.692696,4.973093,AUX,86042,False
no,38.35804,6.9905386,INTJ,59714,False
we,38.458168,10.9109535,PRON,47046,False
t,29.525932,4.365736,PROPN,580,False
oh,38.788803,6.5951424,INTJ,46254,False
okay,38.983406,5.6443815,INTJ,50012,False
yeah,38.169586,6.120291,INTJ,50728,False
want,38.312626,-3.0845182,VERB,50472,False
is,27.24384,7.2416,AUX,50687,False
what,40.022038,7.696877,PRON,48043,False
this,41.31656,2.5648732,PRON,45914,False
can,36.82437,19.05182,AUX,36272,False
go,38.2173,4.386791,VERB,41637,False
on,31.425802,21.229836,ADP,38750,False
your,1.9688853,1.2024901,PRON,40861,False
in,18.510147,-14.170881,ADP,35487,False
one,43.38108,10.552891,NUM,33372,False
like,41.857464,-4.9514914,ADP,35399,False
there,42.678787,5.29887,ADV,31064,False
m,28.947882,-6.282934,NOUN,2489,False
here,40.195934,4.955024,ADV,31547,False
are,28.430983,6.36913,AUX,31092,False
going,37.95611,-2.4131258,VERB,25477,False
me,34.49599,8.169816,PRON,26833,False
of,14.08386,-1.5806262,ADP,26194,False
have,39.09612,-3.2927198,VERB,26936,False
for,5.0601816,10.101776,ADP,24537,False
my,28.090202,-17.324938,PRON,23190,False
let,42.32221,4.044259,VERB,24687,False
so,8.54117,12.396448,ADV,23120,False
up,-30.675547,4.3722267,ADP,20283,False
get,37.686428,-5.868158,VERB,20115,False
not,27.956318,12.594218,PART,20936,False
with,10.640576,6.87033,ADP,21009,False
he,-3.246919,39.518036,PRON,19367,False
all,-20.57236,34.54899,PRON,19338,False
know,36.590137,6.2156253,VERB,20587,False
see,18.831331,-11.325957,VERB,18945,False
put,24.153147,-24.658762,VERB,18160,False
right,42.903202,7.177484,ADV,18864,False
good,35.37244,4.5269823,ADJ,19219,False
just,33.607506,-2.014891,ADV,17889,False
look,30.2556,-12.31387,VERB,17587,False
she,41.016415,-10.438168,PRON,16036,False
they,21.60743,-11.537218,PRON,15016,False
was,26.04902,7.5152154,AUX,16373,False
but,18.680857,12.822971,CCONJ,15206,False
be,-16.553202,36.65467,AUX,14108,False
little,-7.508826,12.277169,ADJ,14207,False
come,37.88436,3.3311675,VERB,15472,False
some,16.785734,-34.767303,DET,13460,False
got,37.929874,-3.959586,VERB,15046,False
out,20.338242,20.99713,ADP,12525,False
where,43.807823,4.160812,SCONJ,15185,False
baby,-18.83985,-7.1092534,NOUN,12866,False
at,-10.399247,30.388182,ADP,14420,False
more,27.759285,-28.18004,ADJ,14834,False
mama,11.778666,21.784664,PROPN,14013,False
did,6.9103994,-7.338796,AUX,17498,False
now,24.352798,-14.93551,ADV,12052,False
think,17.235638,-34.969902,VERB,11724,False
need,25.57297,14.006309,VERB,9836,False
mommy,-11.237238,35.47781,PROPN,12394,False
if,2.6462681,39.059734,SCONJ,10516,False
down,-26.668148,-2.5504124,ADP,9928,False
how,19.431011,-5.1967077,SCONJ,10854,False
them,-27.26097,-9.029077,PRON,8944,False
then,12.322727,17.143003,ADV,10757,False
thank,38.068546,17.831133,VERB,10558,False
daddy,1.6982002,25.127413,NOUN,11215,False
her,41.04895,-10.491846,PRON,9091,False
eat,11.117135,-31.032387,VERB,9540,False
play,32.898937,-12.539056,VERB,9683,False
back,33.610542,7.9819508,ADV,8710,False
yes,24.342009,-5.7975254,INTJ,10174,False
too,4.6612,36.807827,ADV,8993,False
or,25.051609,11.960807,CCONJ,8723,False
uh,29.068901,2.9131098,INTJ,8368,False
take,-17.32904,36.446507,VERB,8708,False
hey,30.264648,15.062123,INTJ,8275,False
two,-38.541203,15.315596,NUM,8791,False
because,11.2589445,16.355053,SCONJ,7955,False
say,-14.514712,5.7534485,VERB,7885,False
hi,11.9718075,-18.430046,INTJ,7946,False
help,26.592405,-31.903482,VERB,8178,False
when,10.517659,-0.3029796,SCONJ,7621,False
big,32.30024,-8.225326,ADJ,6912,False
time,23.179617,29.065052,NOUN,7853,False
off,-7.6522846,27.840546,ADP,7129,False
make,7.5557704,-9.026375,VERB,6523,False
about,17.6751,-25.659527,ADP,7215,False
over,23.501072,10.107071,ADV,6641,False
done,36.56151,-10.922787,VERB,7391,False
water,-0.55700374,-18.643373,NOUN,6416,False
why,15.140872,24.063915,SCONJ,6891,False
job,0.542713,-4.2604456,NOUN,5912,False
ready,21.3228,0.7303269,ADJ,6616,False
really,16.23864,0.84870136,ADV,6277,False
his,22.300282,-33.081062,PRON,5471,False
bye,-3.190408,-14.362527,PROPN,5571,False
love,12.420632,29.74953,VERB,5910,False
mom,-11.548734,20.481867,NOUN,5785,False
doing,22.152124,8.673493,VERB,5875,False
book,-25.480852,-5.434091,NOUN,6056,False
huh,27.835682,3.6080425,PROPN,5027,False
these,42.76963,0.28469357,PRON,5400,False
give,7.62715,1.0867499,VERB,5898,False
wow,31.586153,24.173296,INTJ,5125,False
him,-3.2552788,39.4953,PRON,5030,False
well,33.692066,12.589693,INTJ,5256,False
hold,14.909951,-16.731634,VERB,5128,False
said,11.116555,-2.6893582,VERB,4284,False
please,24.660933,3.7934866,INTJ,5725,False
way,20.389421,25.497974,NOUN,4952,False
our,-11.474374,-22.511162,PRON,5103,False
wait,32.343433,-3.268716,VERB,5670,False
three,-39.480236,14.458167,NUM,5278,False
read,-25.325329,-5.7218585,VERB,5446,False
who,-27.983265,-7.8893933,PRON,5285,False
try,21.257668,-7.8872576,VERB,5009,False
those,42.829033,0.20561235,PRON,4271,False
from,21.308624,15.96096,ADP,4592,False
should,-12.908363,34.47486,AUX,5322,False
open,1.5776318,-7.5853057,VERB,4410,False
turn,27.72534,-25.012724,VERB,4879,False
whoa,7.2872906,-1.4641669,INTJ,5308,False
an,18.613758,2.0886924,DET,4392,False
will,17.775705,14.41257,AUX,4691,False
very,30.129904,-11.466603,ADV,4821,False
does,30.483095,-25.10391,AUX,7508,False
would,21.078608,18.463913,AUX,4777,False
sit,19.37111,36.26471,VERB,4745,False
away,12.94976,-3.371843,ADV,3902,False
blue,-37.94489,-14.690159,ADJ,4575,False
something,20.870113,-5.3449473,PRON,4449,False
again,32.4798,-5.3665204,ADV,4520,False
has,-33.314278,16.320448,VERB,4302,False
had,26.696598,19.346874,VERB,3819,False
other,-14.605783,-34.7736,ADJ,3997,False
hmm,9.074425,-4.9185047,INTJ,1916,False
were,34.427807,-0.81364363,AUX,3955,False
mm,13.562038,-36.0485,NOUN,3841,False
ball,-19.021538,-4.2374973,NOUN,4328,True
stop,22.318394,24.205435,VERB,3419,False
beep,-9.602143,-28.293434,NOUN,3504,False
hands,4.5466948,-18.977676,NOUN,3816,False
maybe,10.072301,32.065037,ADV,3692,False
nice,32.66113,2.3563988,ADJ,3553,False
as,12.900066,-0.9734465,SCONJ,3562,False
la,-25.293852,32.20624,PROPN,5011,False
day,25.678741,-1.2791418,NOUN,3514,False
today,14.222392,-6.1934147,NOUN,3816,False
still,-23.575056,8.239997,ADV,3468,False
another,16.312317,-0.48801365,DET,3102,False
keep,11.138634,26.267843,VERB,3334,False
clean,27.629776,-13.265154,VERB,3429,False
doo,-1.6577363,-1.9344519,INTJ,4335,False
dad,1.1119714,34.630226,PROPN,3186,False
dog,-20.22544,-11.249381,NOUN,2691,True
green,-36.4688,-13.804159,ADJ,3300,False
find,21.966795,-21.738243,VERB,3131,False
hot,15.708494,-21.50815,ADJ,3862,False
happy,-26.426868,5.1428733,ADJ,3089,False
hello,-18.655226,9.357638,INTJ,3379,False
first,11.72743,-11.801294,ADV,3236,False
lot,-5.0717463,21.012278,NOUN,3458,False
milk,7.6761827,-18.045437,NOUN,4113,False
red,-38.01719,-13.201074,ADJ,3191,False
bit,7.4117527,-15.003883,NOUN,3234,False
choo,-5.346921,-27.387169,PROPN,2475,False
boo,4.525192,4.958222,PROPN,2594,False
sorry,36.76711,-13.3112755,ADJ,3337,False
thing,21.602226,-28.284412,NOUN,3168,False
ah,36.072,-17.486355,INTJ,3808,False
car,-8.200957,-29.841902,NOUN,3032,False
mean,23.754784,13.388123,VERB,3179,False
five,-37.246906,14.040167,NUM,2925,False
could,21.044968,8.433361,AUX,3072,False
much,-10.139885,30.163742,ADV,3022,False
watch,-0.9144087,-29.979668,VERB,2929,True
bear,-26.188408,-14.424324,NOUN,2344,False
food,19.913975,-21.545958,NOUN,2818,False
sure,33.48004,3.0394256,ADJ,2785,False
things,17.089478,-11.522069,NOUN,2978,False
yum,15.720896,-26.292013,INTJ,3543,False
use,21.487988,-8.253,VERB,2807,False
d,15.853342,2.4546762,PROPN,711,False
which,-26.29823,-9.464628,DET,3021,False
by,21.815369,27.691143,ADP,2819,False
around,0.54227674,-37.97644,ADV,2559,False
trying,26.85576,21.898932,VERB,2589,False
four,-37.915897,14.199861,NUM,2698,False
eating,37.656788,-8.628443,VERB,2531,False
cheese,6.7736697,-22.519238,NOUN,3008,True
show,2.7481053,-6.4653144,VERB,2835,False
getting,10.273935,-0.017242864,VERB,2356,False
new,23.376945,-3.1208324,ADJ,2438,False
kind,8.770316,-39.08507,ADV,2575,False
next,-42.365543,-4.0545254,ADJ,2505,False
night,-15.320822,25.714502,NOUN,2418,False
us,20.85911,-3.2803833,PRON,2432,False
brush,-4.283891,-21.172672,VERB,2491,False
pick,-4.3854904,-6.4674945,VERB,2642,False
any,14.565121,-11.967892,DET,2465,False
even,31.745667,-4.0205083,ADV,2593,False
um,36.962727,9.209241,INTJ,2694,False
da,22.401165,-18.797241,X,2020,False
mouth,-26.32077,12.509532,NOUN,2478,False
miles,13.965899,11.413919,PROPN,3180,False
jump,-18.389744,0.79574203,NOUN,2136,False
goes,28.739147,-25.294634,VERB,2387,False
hand,5.0180035,-19.000637,NOUN,2435,False
boom,-37.09814,4.1640224,NOUN,3016,False
says,-27.777473,-5.6390243,VERB,2262,False
train,-4.5396576,-26.783443,NOUN,2104,True
fun,-26.149021,23.96603,NOUN,2190,False
leave,13.4492445,32.32955,VERB,2532,False
into,20.89644,3.6741295,ADP,2188,False
yay,0.15904808,-9.580474,NOUN,2822,False
teeth,-26.513166,11.552575,NOUN,2485,False
coming,14.218895,-19.135668,VERB,2184,False
house,1.1018033,4.7902813,NOUN,2093,False
work,20.604103,-5.0012856,VERB,2262,False
yellow,-37.082577,-14.230875,ADJ,2448,False
wanna,18.028467,17.362562,VERB,2706,False
mmm,16.073467,-25.957193,PROPN,1983,False
after,-0.8524231,-31.758402,ADP,2132,False
feel,-23.7008,8.117131,VERB,2350,False
goodness,12.031595,-16.851276,NOUN,1608,False
papa,10.230549,18.833366,PROPN,2589,False
together,-12.691452,-12.439915,ADV,2177,False
tell,29.90223,10.341195,VERB,1988,False
am,-7.343792,-6.2189846,AUX,2113,False
might,-43.036346,8.757528,AUX,1944,False
remember,18.912998,-35.59058,VERB,2345,False
made,4.778302,-8.408612,VERB,1794,False
looks,-1.6680307,-3.2503817,VERB,1913,False
outside,-8.141649,-3.8796558,ADV,2072,False
cat,-22.09745,-18.522858,NOUN,2539,True
only,29.738317,-3.633417,ADV,2190,False
wash,3.3936226,-18.691925,VERB,2115,False
push,-5.3667483,-2.1108513,VERB,2260,False
close,-20.24083,18.759893,VERB,2313,False
people,-17.588846,20.45592,NOUN,2138,False
room,-1.3000724,11.2159195,NOUN,1866,False
head,-19.524183,13.104448,NOUN,2199,False
cool,25.803915,-2.8537927,ADJ,2213,False
bed,-14.461997,24.53655,NOUN,1720,True
went,7.4861064,-4.7512803,VERB,1918,False
truck,-8.517899,-28.410349,NOUN,2010,False
better,-2.8331833,-10.633719,ADJ,2079,False
home,11.713004,-6.8667965,NOUN,1848,False
pretty,-7.1500664,28.067192,ADV,2299,False
great,18.362627,22.129042,ADJ,1752,False
throw,-14.564109,-10.437322,VERB,1988,False
playing,32.476826,-12.42765,VERB,1904,False
already,12.893882,28.810719,ADV,1959,False
their,5.916769,0.8210414,PRON,1900,False
many,-33.64692,9.270646,ADJ,2080,False
found,32.62355,-20.935734,VERB,1848,False
long,32.582684,-7.622827,ADJ,1947,False
color,-35.540474,-12.9875765,NOUN,1990,False
morning,-21.735785,-26.902851,NOUN,2170,False
th,24.654991,20.400112,NOUN,2009,False
orange,-37.61542,-13.616919,ADJ,1959,False
girl,34.641113,-17.131659,NOUN,1842,False
silly,34.192963,-17.262522,ADJ,1535,False
been,15.782799,-21.400206,AUX,2046,False
bubba,0.31225014,7.6576796,PROPN,678,False
pop,-39.921883,-5.1268663,NOUN,2077,False
stuff,15.05526,22.246283,NOUN,1915,False
boop,-1.6739297,-7.3108525,PROPN,2226,False
guys,9.033514,21.041458,NOUN,1949,False
move,6.1572614,31.363108,VERB,1963,False
wants,-8.31415,-21.189627,VERB,1936,False
hat,-17.61929,11.980418,NOUN,2414,True
also,36.739407,-12.067258,ADV,2153,False
face,-28.372913,11.299465,NOUN,2047,False
looking,-7.4800644,-5.4415674,VERB,1813,False
hear,16.161585,-6.4631343,VERB,1631,False
else,26.83528,1.0349166,ADV,1896,False
last,32.77665,16.59113,ADJ,1807,False
walk,-6.2861977,32.34932,VERB,1957,False
bring,25.33533,-20.37804,VERB,1881,False
hard,32.385235,9.620136,ADJ,1757,False
run,-25.28238,32.22217,VERB,1917,False
nom,6.5513816,-38.407444,PROPN,2094,False
before,16.45424,18.459991,SCONJ,1788,False
bite,15.51182,-28.768059,NOUN,1402,False
cut,1.1042646,-22.817118,VERB,1708,False
shoes,-5.470513,13.484504,NOUN,1984,False
probably,38.489273,12.09161,ADV,1763,False
through,-23.15599,27.208933,ADP,1483,False
emmett,11.035481,-17.331478,PROPN,1407,False
banana,-8.5827055,-17.666655,NOUN,1906,False
helmet,23.955044,22.539446,NOUN,1834,False
boy,-10.726521,13.4927,NOUN,1831,False
actually,5.298691,10.768707,ADV,1947,False
inside,18.553148,-8.6117735,ADV,1812,False
though,9.476362,-39.01645,ADV,1661,False
mine,6.3497086,-38.434048,PRON,1599,False
e,-31.18894,-17.418863,PROPN,984,False
ha,4.324227,6.4499383,INTJ,1902,False
quack,-29.828491,-15.544076,INTJ,1777,False
luna,-3.552307,3.736779,PROPN,2826,False
making,9.199961,-9.177288,VERB,1529,False
door,-13.590595,23.351013,NOUN,1437,False
box,28.551544,-16.673359,NOUN,1569,False
honey,0.5157589,3.2135534,NOUN,1677,False
yet,-4.1539106,-4.664482,ADV,1727,False
high,-22.113897,15.496908,ADJ,1622,False
man,24.042526,19.362078,NOUN,1232,False
apple,-24.534742,-29.679186,NOUN,1533,True
table,15.487272,27.593239,NOUN,1526,False
ice,7.003963,-10.203983,NOUN,1544,False
fine,15.525432,-3.535546,ADJ,1779,False
song,-22.105366,3.0070765,NOUN,1700,False
nose,-26.488815,12.927581,NOUN,1548,False
eggs,3.6906817,-28.522802,NOUN,1574,False
hair,-25.859262,14.530088,NOUN,1456,False
o,-38.119606,-0.2843405,PROPN,873,False
bread,5.377487,-22.811127,NOUN,1736,False
yummy,15.231019,-33.561455,ADJ,1614,False
cup,3.1230226,-32.572975,NOUN,1820,False
fish,-21.60146,-25.114231,NOUN,1789,False
pull,24.085594,-32.17571,VERB,1608,False
yep,-8.344272,12.766654,PROPN,1438,False
almost,22.227219,-17.218927,ADV,1613,False
feet,-26.691795,19.2696,NOUN,1741,False
dinner,6.5733395,-13.977798,NOUN,1537,False
bus,-8.33051,-26.216763,NOUN,1279,False
name,-20.371887,23.353825,NOUN,1363,False
hop,-18.999702,2.9763606,PROPN,1168,False
thought,42.80552,-5.153415,VERB,1678,False
emmy,2.1194146,15.708905,PROPN,1510,False
books,-24.656145,-6.0687056,NOUN,1651,False
while,22.90471,29.441729,SCONJ,1530,False
different,19.582062,12.341129,ADJ,1577,False
bunny,-14.399201,-16.394392,NOUN,1493,False
tree,-13.995869,-20.218487,NOUN,1187,True
anything,23.34208,10.905744,PRON,1627,False
cold,2.2170331,-16.441788,ADJ,1610,False
school,-11.27216,-26.622963,NOUN,1463,False
shake,-26.94661,9.713789,VERB,1665,False
nope,26.342411,16.71514,INTJ,1142,False
dance,-20.06754,6.201427,NOUN,1619,False
eyes,-27.328484,14.287949,NOUN,1492,False
music,-21.858738,3.3720195,NOUN,1941,False
old,-4.6902237,25.550364,ADJ,1448,False
breakfast,8.809054,-20.190384,NOUN,1583,False
p,-32.015358,-0.92488384,NOUN,1343,False
ooh,40.451435,11.272609,PROPN,1567,False
stay,-20.278765,23.585566,VERB,1363,False
dada,-1.4626515,6.348717,NOUN,1149,False
touch,35.1426,-0.33538696,VERB,1462,False
ones,34.99044,-6.383552,NOUN,1323,False
start,-33.142838,12.075449,VERB,1437,False
wrong,31.567848,20.515173,ADJ,1556,False
socks,-5.360441,11.371266,NOUN,1087,True
purple,-38.497005,-15.218579,ADJ,1502,False
buddy,14.118432,8.193161,PROPN,1544,False
drink,8.985147,-34.552162,VERB,1402,False
side,-16.991653,31.091797,NOUN,1485,False
pink,-38.748314,-12.242937,ADJ,1484,False
came,-20.44108,28.230564,VERB,1223,False
top,-3.7479,-32.0008,NOUN,1371,False
always,12.8909855,-0.4269363,ADV,1502,False
piece,29.346956,-20.897913,NOUN,1250,False
sister,-0.88452834,29.944172,NOUN,1593,False
careful,34.86281,-14.819117,ADJ,1631,False
toys,-20.44598,-0.52565706,NOUN,1455,False
hungry,-28.5299,1.0996279,ADJ,1532,False
egg,3.7492406,-28.616776,NOUN,1196,False
minutes,7.445826,-12.884794,NOUN,1325,False
cream,-24.817322,0.16542435,NOUN,1236,False
sound,-30.462915,4.1659427,NOUN,1335,False
never,-6.43858,5.797923,ADV,1265,False
everything,-10.530654,-6.2553606,PRON,1410,False
happened,6.806298,0.7557768,VERB,1523,False
hug,-18.617208,15.655273,PROPN,1544,False
guess,-18.920465,27.277203,VERB,1322,False
finish,25.048834,-20.892836,VERB,1353,False
chair,17.688034,29.865217,NOUN,1428,True
alright,36.68126,12.145224,ADV,1332,False
called,27.66772,-4.6852317,VERB,1119,False
friends,-14.788652,-8.091469,NOUN,1066,False
light,-44.224335,1.5065918,NOUN,1307,False
thanks,2.1114497,8.534304,NOUN,962,False
than,-32.559696,25.5944,ADP,1318,False
sleep,-16.206064,25.827332,VERB,1216,False
bag,14.942653,27.714504,NOUN,1097,False
floor,3.3797839,11.733859,NOUN,1103,False
later,-15.226711,18.122593,ADV,1383,False
bad,16.901587,-1.0155481,ADJ,1313,False
same,30.371181,8.215593,ADJ,1362,False
six,-38.6933,13.534024,NUM,1315,False
round,-14.57989,-0.3511163,ADJ,1221,False
pee,-1.7376907,17.978148,PROPN,1063,False
white,-23.860514,-16.005674,ADJ,1215,False
duck,-29.970427,-15.807914,NOUN,1214,False
saying,-5.148307,-11.2561655,VERB,1257,False
needs,19.067507,-14.3588295,VERB,1086,False
b,-35.812943,-2.2616873,PROPN,1094,False
dirty,1.5503408,-15.886061,ADJ,1138,False
pizza,-23.597324,27.720116,NOUN,1162,True
birthday,9.302575,23.131477,NOUN,1160,False
sweet,4.4405227,-11.38334,ADJ,1297,False
ow,17.807762,9.318966,INTJ,1413,False
under,-8.501195,3.2774215,ADP,964,False
every,12.940392,5.9882174,DET,1320,False
butter,4.7977476,-22.13109,NOUN,1217,False
wanted,24.079227,-15.288783,VERB,1209,False
cute,-18.196808,9.097324,ADJ,1399,False
chicken,-29.602407,-21.34373,NOUN,1168,False
wee,-4.2343583,33.968136,PROPN,993,False
funny,21.996477,-11.145071,ADJ,1304,False
saw,16.1694,-8.405467,VERB,1110,False
tickle,-6.010528,1.8135229,NOUN,1361,False
rice,6.438348,-14.786044,NOUN,1417,False
part,-7.5856996,-4.758156,NOUN,1096,False
bowl,7.5591817,-30.096176,NOUN,1062,True
being,-19.544134,12.885028,AUX,1143,False
left,30.139008,29.194105,VERB,1136,False
wipe,1.6850324,-12.62143,VERB,1232,False
check,-16.602304,24.083752,VERB,1086,False
change,-40.336403,-0.07368435,VERB,1312,False
jamie,2.0566912,15.667838,PROPN,1183,False
ken,-6.5771804,19.677706,PROPN,1304,False
idea,2.7825086,8.10084,NOUN,935,False
enough,24.215378,16.487535,ADJ,1139,False
miss,-2.6759057,-11.676274,PROPN,685,False
black,-39.081604,-15.86175,ADJ,1182,False
roll,-6.6199756,2.1433206,VERB,923,False
sing,-20.543417,8.979701,VERB,1044,False
stand,-18.75297,16.841635,VERB,1262,False
wear,-5.9652934,8.891425,VERB,1039,False
peek,-22.573744,12.2308655,NOUN,1052,False
mouse,-24.662783,-11.493538,NOUN,839,False
bubbles,-1.8104085,-14.272882,NOUN,1321,False
spoon,8.422684,-25.751009,NOUN,1180,True
kiss,-18.370256,14.912412,NOUN,1254,False
dun,-4.3445206,-0.049528465,PROPN,1720,False
trash,3.4627125,-3.4199872,NOUN,773,False
stuck,24.424843,-8.448757,VERB,1031,False
meow,-22.090826,-18.495073,PROPN,1179,False
second,14.9577055,15.363229,ADJ,1059,False
woof,-22.408659,-9.009542,NOUN,1436,False
paper,-31.290375,-10.430761,NOUN,854,False
ba,13.056404,-26.674574,PROPN,1436,False
fast,6.242117,-4.8965583,ADV,1071,False
favorite,-16.66054,-9.616321,ADJ,1106,False
yogurt,11.317005,-25.80312,NOUN,1193,False
minute,-7.490137,21.77139,NOUN,1065,False
ding,-6.256686,-29.40705,VERB,1023,False
zara,4.590015,-15.12576,PROPN,1375,False
took,23.884075,-32.31136,VERB,1015,False
gentle,-17.430374,14.502942,ADJ,1221,False
clap,-20.63728,8.858346,NOUN,1090,False
break,22.217766,-27.728186,VERB,999,False
foot,-26.74108,19.330683,NOUN,1122,False
call,-8.266795,15.384514,VERB,1094,False
mr,-10.129052,-0.018900575,PROPN,1037,False
both,17.88559,30.5501,PRON,1086,False
fall,21.177576,24.888865,VERB,1026,False
brown,-33.788685,-12.813593,ADJ,1094,False
end,-26.07395,-3.5148687,NOUN,1125,False
tomorrow,15.883767,6.6732087,NOUN,900,False
toy,-21.30432,-1.6483462,NOUN,1003,False
makes,12.5224285,6.145237,VERB,985,False
yours,12.312067,-31.183535,NOUN,859,False
whole,12.308549,-35.300205,ADJ,981,False
grandma,-11.978055,16.703907,NOUN,1048,False
vroom,-8.454531,-30.504196,NOUN,1027,False
christmas,18.454517,5.3646493,PROPN,626,False
bow,14.413943,-23.812534,NOUN,382,False
bird,-17.674088,-19.687641,NOUN,857,True
phone,-22.598705,1.7253715,NOUN,1129,True
fire,-40.594875,2.7871752,NOUN,850,False
small,-32.880806,24.834501,ADJ,1092,False
poop,-1.9859673,19.645222,NOUN,886,False
fell,-26.784658,23.11603,VERB,845,False
yourself,2.5125058,1.7835608,PRON,1176,False
taking,20.608994,-14.314339,VERB,958,False
ask,9.574281,5.102134,VERB,942,False
everyone,-0.117941335,34.80375,PRON,986,False
pants,-5.9722323,11.134151,NOUN,998,True
set,7.264989,-8.332896,VERB,970,False
moo,-28.234137,-16.888115,PROPN,881,False
page,-27.143959,-6.1706023,NOUN,1076,False
listen,6.3619504,21.8368,VERB,983,False
nap,11.483575,-6.693189,NOUN,929,False
animals,-28.786098,-18.36828,NOUN,736,False
putting,23.6294,-25.091972,VERB,828,False
elephant,-25.74667,-18.966282,NOUN,958,False
fix,22.726933,-26.631979,VERB,953,False
sun,-15.510001,-27.36484,NOUN,851,False
working,38.36865,17.433855,VERB,979,False
coffee,3.6884294,-33.444126,NOUN,1298,False
tired,-16.677027,29.231693,ADJ,990,False
grab,27.57182,16.817375,VERB,1112,False
picture,-23.400057,3.3345773,NOUN,973,False
friend,-12.073756,-11.850449,NOUN,747,False
sometimes,-12.077504,3.8593245,ADV,892,False
cow,-27.939734,-16.989988,NOUN,912,False
cake,-33.585556,22.781904,NOUN,896,True
woo,-2.6863291,0.06896317,NOUN,954,False
soon,-2.6775439,-1.5506408,ADV,934,False
diaper,-4.657673,24.196896,NOUN,1067,False
clothes,-3.691743,10.101992,NOUN,829,False
told,28.98256,-5.433899,VERB,923,False
god,7.2934046,19.470839,PROPN,1101,False
game,7.9128933,15.092761,NOUN,1009,False
ate,12.654367,-28.73077,VERB,861,False
monkey,-22.675144,-14.322721,NOUN,1205,False
gosh,19.666317,35.514996,INTJ,820,False
seven,-38.978302,12.704039,NUM,978,False
wet,0.19462737,-18.119354,ADJ,844,False
toes,-27.441149,1.3107258,NOUN,1000,False
babe,6.937899,7.310803,NOUN,561,False
eight,-37.514294,12.591564,NUM,924,False
brother,-0.6839232,30.092566,NOUN,1240,False
lunch,10.558661,-5.0291715,NOUN,969,False
talk,9.721305,8.061855,VERB,934,False
hurt,-36.150867,5.1128206,VERB,840,False
hit,23.120426,-1.2122223,VERB,896,False
likes,-16.57523,-35.05074,VERB,961,False
comes,-8.514112,1.0799855,VERB,810,False
best,-10.179487,26.632668,ADJ,883,False
having,14.308261,-6.2205796,VERB,892,False
talking,15.463372,25.873894,VERB,853,False
guy,8.309904,10.23254,NOUN,894,False
babies,-19.157196,-7.7930617,NOUN,1143,False
anymore,-14.401414,4.9629583,ADV,960,False
rock,4.030509,-4.061321,NOUN,763,True
full,-2.4904513,-17.821615,ADJ,858,False
plate,10.539711,-24.747622,NOUN,784,False
horse,-26.56486,-18.898596,NOUN,715,False
real,30.978207,22.940296,ADJ,859,False
place,-1.0591255,35.02841,NOUN,924,False
kids,9.912964,13.5916195,NOUN,951,False
spider,20.21143,7.7638392,NOUN,845,False
ever,10.388593,1.8898909,ADV,871,False
sounds,-32.85648,3.6931543,VERB,850,False
button,-11.158856,12.456846,NOUN,782,True
press,-11.164118,12.193278,VERB,895,False
potty,-2.1162248,18.173265,NOUN,837,False
finger,-36.409874,0.8359646,NOUN,886,False
until,34.636612,-21.534603,SCONJ,815,False
logan,-3.339205,3.70188,PROPN,1404,False
mess,-30.660475,-6.281772,NOUN,726,False
supposed,17.718786,-16.921186,VERB,793,False
bottle,8.214313,-12.492491,NOUN,790,True
cookie,-37.70022,9.753772,NOUN,597,True
nothing,-9.076796,36.832996,PRON,818,False
gone,20.610529,0.23835252,VERB,815,False
party,-9.02403,6.1269164,NOUN,837,False
pig,-26.711576,-17.250378,NOUN,632,False
blah,-20.023218,-30.827566,PROPN,808,False
stick,2.7691271,-9.623476,VERB,770,False
gets,-3.619198,-35.811573,VERB,842,False
sad,-25.117296,7.4547515,ADJ,737,False
chocolate,-5.625861,28.762125,NOUN,715,False
gave,-12.94215,-30.326551,VERB,752,False
walking,-6.453797,31.805174,VERB,749,False
used,-0.54353154,-6.2401934,VERB,806,False
hadley,10.945457,-16.647675,PROPN,337,False
pepper,1.2252873,14.827899,PROPN,800,False
own,18.811022,-7.737958,ADJ,806,False
number,-35.529625,11.637862,NOUN,805,False
belly,-25.45002,17.216272,NOUN,777,False
reading,-25.985348,-6.456645,VERB,863,False
everybody,8.427099,11.129503,PRON,699,False
pieces,29.613209,-21.223448,NOUN,628,False
alexa,7.6683445,17.096436,PROPN,862,False
ouch,-9.079919,21.166325,INTJ,1110,False
knock,-13.816811,20.951319,VERB,821,False
everywhere,21.259563,-21.20253,ADV,887,False
dinosaur,-23.854567,-21.444073,NOUN,733,False
ride,2.3794665,22.84656,VERB,773,False
doggy,-19.234854,-10.79225,NOUN,706,False
beautiful,-4.2353578,-9.084052,ADJ,805,False
year,13.3372965,3.8131573,NOUN,692,False
sitting,24.961628,31.512539,VERB,764,False
means,21.165972,15.836332,VERB,711,False
dogs,-22.958899,-9.266662,NOUN,578,False
shirt,-6.1131625,10.538834,NOUN,635,False
catch,-18.073309,-0.95079726,VERB,642,False
sheep,-27.140207,-17.897472,NOUN,743,False
paint,-6.919373,-35.461514,NOUN,394,False
welcome,24.400688,-8.012037,ADJ,872,False
c,-36.034073,-1.3284386,PROPN,818,False
rain,-16.91312,-17.902435,NOUN,608,False
excuse,13.769147,-16.327856,VERB,843,False
someone,25.173307,-1.813687,PRON,756,False
scared,-16.897308,30.626915,ADJ,790,False
monster,19.651878,-1.0591779,NOUN,699,False
kitchen,17.331823,29.042685,NOUN,702,False
bath,-19.729132,-21.763647,NOUN,686,False
ground,14.60316,15.851678,NOUN,557,False
bubble,-1.9690784,-14.302629,NOUN,538,False
snack,7.305133,3.6160367,NOUN,813,False
shut,0.9678399,-10.08174,VERB,342,False
oink,-26.117388,-17.403355,NOUN,639,False
colors,-36.28501,-15.355473,NOUN,665,False
dry,20.53589,-17.483408,ADJ,667,False
strawberry,10.016472,-28.281183,NOUN,877,False
g,-35.5771,-4.1815844,PROPN,500,False
care,-23.125193,6.657771,VERB,696,False
sissy,2.5448718,16.16252,PROPN,504,False
world,5.2355776,0.931336,NOUN,686,False
build,-1.9869803,-23.554276,VERB,618,False
fit,28.100332,-26.047161,VERB,708,False
kitty,-0.4753253,15.011233,NOUN,854,False
heard,21.423971,3.5435486,VERB,640,False
poo,-1.072716,17.539722,NOUN,776,False
sir,12.398807,-20.570992,NOUN,918,False
couch,-0.84154004,9.57826,NOUN,596,False
such,29.669395,9.690148,DET,767,False
camera,24.065681,22.46001,NOUN,776,True
ahead,30.786684,-14.370239,ADV,660,False
farm,-30.079357,-17.36865,NOUN,619,False
super,20.51205,9.593168,ADV,695,False
watching,24.543322,31.96969,VERB,695,False
once,15.746867,18.962217,ADV,698,False
bum,-17.378216,-14.00184,NOUN,663,False
seen,-12.223243,-1.4398981,VERB,738,False
ma,4.5919733,27.812126,PROPN,728,False
buy,4.8119125,18.568441,VERB,771,False
maddie,6.1882377,20.606297,PROPN,1222,False
lion,-22.27435,-13.8959055,NOUN,659,False
special,-1.9047375,3.2351544,ADJ,602,False
nine,-38.536266,12.786796,NUM,661,False
boat,-20.003838,-23.979528,NOUN,687,False
kid,-16.406351,20.924997,NOUN,733,False
recording,25.300884,21.162298,VERB,715,False
warm,-29.56636,21.187801,ADJ,604,False
may,6.7451205,30.165089,AUX,838,False
rest,11.968591,3.0219564,NOUN,577,False
flower,-17.512815,-16.229872,NOUN,799,False
running,-7.172113,37.610027,VERB,680,False
fork,8.112843,-25.209352,NOUN,717,False
blow,-12.338114,-24.023024,VERB,644,False
yesterday,8.275625,-4.8228097,NOUN,724,False
count,-34.153904,11.677573,VERB,644,False
circle,-36.33921,-8.606703,NOUN,681,False
turtle,-23.386908,-22.110044,NOUN,541,True
climb,-24.075712,21.825731,VERB,734,False
shh,-14.115058,26.704363,PROPN,650,False
spin,-33.274464,7.867035,NOUN,843,False
cook,3.752643,-25.65573,VERB,715,False
most,15.777847,2.9485037,ADV,617,False
family,-10.528086,3.8977704,NOUN,749,False
rainbow,-35.93883,-15.760696,NOUN,587,False
mix,1.5397693,-29.495575,VERB,669,False
na,-10.18279,36.12831,PART,965,False
flowers,-17.362087,-16.508923,NOUN,731,False
peanut,8.549335,-31.69018,NOUN,609,False
fingers,-22.409155,17.530636,NOUN,655,False
perfect,29.031384,-0.13050336,ADJ,642,False
hang,13.799341,1.6070268,VERB,597,False
cars,-8.067451,-28.909082,NOUN,652,False
behind,-22.738722,25.88184,ADP,658,False
week,24.07549,32.829308,NOUN,675,False
bathroom,-3.4706962,16.270412,NOUN,581,False
asked,10.907608,-2.7002673,VERB,556,False
letter,-38.357635,-2.6894443,NOUN,702,False
shark,-24.799652,-24.9611,NOUN,868,False
draw,-32.670864,-9.941953,VERB,742,False
strawberries,10.203813,-28.177616,NOUN,707,False
lots,-15.904577,-34.60935,NOUN,556,False
priya,26.501396,-11.980945,PROPN,864,False
excited,-25.884863,5.2624445,ADJ,659,False
sauce,16.678759,-3.3263593,NOUN,688,False
sleeping,-16.969864,26.230804,VERB,651,False
soup,0.9018777,-25.833454,NOUN,756,False
spot,-3.5184565,5.12044,NOUN,609,False
blueberries,11.686146,-27.40242,NOUN,518,False
cereal,7.442907,-30.60684,NOUN,735,False
upstairs,11.122429,-21.469053,ADV,583,False
front,-7.990339,-24.51953,NOUN,641,False
feed,4.416483,3.3694983,VERB,686,False
far,16.407328,33.117813,ADV,626,False
puzzle,29.9452,-21.630655,NOUN,575,False
feeling,-26.485828,8.621217,VERB,527,False
space,10.066088,-15.109435,NOUN,526,False
star,-43.277966,0.78605694,NOUN,594,False
pancakes,9.442937,-22.15719,NOUN,781,False
step,-3.1727672,30.096666,NOUN,693,False
loves,-13.610548,27.58708,VERB,645,False
ten,-37.33212,11.980037,NUM,656,False
slide,-15.353389,9.284279,NOUN,722,False
each,-33.965126,16.347458,DET,601,False
wearing,-43.436146,9.073874,VERB,697,False
dump,0.6684343,-28.783566,VERB,440,False
llama,-12.011886,1.0078,PROPN,636,False
park,-6.472027,-13.708644,NOUN,677,False
ears,-26.93716,14.307395,NOUN,484,False
waiting,8.98277,30.119194,VERB,525,False
n,-31.881283,-4.2553973,PROPN,453,False
share,-9.799439,-14.25737,VERB,678,False
quick,-0.61317515,21.74474,ADJ,566,False
bee,-19.862602,-17.906792,PROPN,552,False
row,7.131026,-34.383926,NOUN,560,False
balls,-19.120285,-4.318592,NOUN,609,False
delicious,-29.626595,-21.741991,ADJ,654,False
half,-9.243421,10.098144,NOUN,696,False
tiny,-29.564604,21.225761,ADJ,570,False
heart,-39.546856,-10.358541,NOUN,653,False
able,-2.4466035,13.465953,ADJ,625,False
moon,-16.007624,-27.580425,NOUN,596,False
drop,9.907462,-9.530724,VERB,587,False
wake,-31.750713,-20.586578,VERB,512,False
r,-37.094032,-2.905538,PROPN,418,False
fly,-19.711908,-19.376642,VERB,530,False
drive,5.783568,-5.0820184,VERB,522,False
oops,25.256884,-11.365993,ADV,725,False
chugga,-3.1047428,-26.494232,PROPN,335,False
whatever,3.4595704,32.993008,PRON,660,False
snow,-13.004281,-3.9661124,NOUN,403,False
story,22.510265,5.067308,NOUN,576,False
pumpkin,-12.684004,-8.175344,NOUN,559,False
luca,-0.9143956,26.173609,PROPN,938,False
tea,1.1074234,-31.486786,NOUN,630,False
k,-33.960968,-3.5360076,PROPN,504,False
smell,18.93454,-29.31336,VERB,622,False
animal,-27.920044,-13.198964,NOUN,465,False
dark,-18.534117,-29.476286,ADJ,547,False
whee,-4.04703,34.062267,NOUN,422,False
tap,-22.050123,-4.160357,NOUN,505,False
rub,-14.54163,-6.0282536,PROPN,488,False
person,-4.47235,-18.455114,NOUN,642,False
puppy,-19.568754,-9.688155,NOUN,569,False
zoe,26.106398,-12.377878,PROPN,712,False
video,13.415265,35.218403,NOUN,672,False
noodles,6.2724037,-26.446272,NOUN,687,False
cleaning,30.748362,-0.22125156,VERB,557,False
pancake,9.860449,-22.422379,NOUN,571,False
swish,-14.539424,-0.5156431,ADJ,389,False
fruit,-10.424198,-20.53877,NOUN,604,False
air,-16.286348,-24.05485,NOUN,502,False
legs,-28.33739,16.504211,NOUN,544,False
must,21.541538,-2.1290712,AUX,532,False
alone,-19.887413,35.13461,ADV,575,False
vacuum,0.09353935,9.947635,NOUN,441,False
rabbit,-22.058195,-5.2037606,NOUN,500,False
ta,-7.47833,18.415071,PROPN,963,False
days,10.592589,-35.094387,NOUN,568,False
hurts,-6.9901133,20.752445,VERB,764,False
few,30.166952,-0.56133485,ADJ,551,False
baba,-0.5846712,-1.3056991,PROPN,526,False
true,27.560892,8.60703,ADJ,624,False
understand,11.803762,-24.011763,VERB,611,False
sticky,2.251796,-9.803403,ADJ,380,False
forgot,27.030573,-10.524814,VERB,623,False
live,-25.837421,3.5593688,VERB,529,False
point,-14.104319,7.402552,NOUN,612,False
using,30.173388,29.083002,VERB,519,False
bigger,10.817072,-10.255932,ADJ,540,False
frog,-28.020796,-12.646048,NOUN,530,False
bud,10.562532,-17.75783,NOUN,677,False
basket,-9.681252,-20.68005,NOUN,552,True
doggie,-19.311943,-11.077922,NOUN,437,False
balloon,-20.404305,-5.4005446,NOUN,552,True
money,-3.8450525,26.521772,NOUN,591,False
hide,-13.65338,-14.853467,VERB,526,False
pretend,4.246007,3.9441435,VERB,313,False
tonight,15.709947,7.1788,NOUN,501,False
blocks,-15.332835,-12.2507715,NOUN,511,False
dropped,-12.490916,-31.103603,VERB,454,False
started,-20.121914,27.723068,VERB,527,False
cookies,-40.051853,-9.78002,NOUN,455,False
thinking,2.2106187,39.316864,VERB,533,False
y,-38.03297,-5.389958,PROPN,548,False
body,-44.106834,9.480956,NOUN,545,False
wheels,-7.693424,-25.306353,NOUN,509,False
bounce,-20.282513,-0.2739175,NOUN,635,False
tiger,-21.779165,-13.304898,NOUN,530,False
tv,-29.289278,-2.0620818,NOUN,601,True
times,25.199404,27.600899,NOUN,559,False
busy,-35.37916,18.655184,ADJ,613,False
wonder,-8.610369,-7.428493,VERB,539,False
bananas,-6.3192477,-16.92689,NOUN,402,False
apples,-24.5075,-29.652767,NOUN,515,False
ring,-2.48815,-9.957678,NOUN,468,True
either,-3.4438312,-4.3921733,ADV,553,False
heavy,38.937122,-0.21808626,ADJ,549,False
strong,12.948599,30.877121,ADJ,493,False
life,16.715742,9.102984,NOUN,530,False
grandpa,-12.729653,16.64164,PROPN,519,False
turned,-12.98242,13.650225,VERB,417,False
pasta,6.739947,-25.388641,NOUN,632,False
wah,-14.562076,2.7069805,PROPN,794,False
juice,5.9991484,-27.378185,NOUN,561,True
santa,18.460012,5.237144,PROPN,371,False
instead,17.84751,17.457542,ADV,558,False
nana,4.8882923,-11.117947,PROPN,741,False
without,9.942048,25.79496,ADP,520,False
definitely,15.335189,10.975005,ADV,535,False
power,0.9064717,8.870697,NOUN,324,False
tried,20.963322,12.360654,VERB,455,False
baa,-13.021939,10.049395,NOUN,745,False
sky,-15.011046,-27.59715,NOUN,474,False
window,-18.144339,-31.527496,NOUN,386,False
butt,12.541464,14.222949,NOUN,504,False
loud,-24.152985,-0.7939311,ADJ,472,False
bottom,-4.585698,-35.67414,NOUN,474,False
muffin,10.071215,-23.264723,NOUN,343,False
sunday,7.998626,36.33657,PROPN,591,False
noise,-35.237816,18.61239,NOUN,424,False
finished,25.153933,-13.589751,VERB,518,False
eye,-28.551672,13.958591,NOUN,438,False
bike,2.3451595,23.1049,NOUN,480,True
knees,-17.247316,3.0290117,NOUN,578,False
tower,-1.1110047,-23.603445,NOUN,497,False
dancing,-20.209639,6.248239,VERB,529,False
town,-11.086752,3.894249,NOUN,356,False
slow,-16.991308,-20.850992,ADJ,452,False
card,0.56947154,3.929921,NOUN,453,False
tall,-5.1614,-24.059345,ADJ,443,False
sand,-16.363155,-23.94479,NOUN,326,False
jumping,-20.769043,2.1276803,VERB,448,False
chug,-5.3142486,-24.830912,PROPN,305,False
ella,3.2788944,20.422838,PROPN,871,False
safe,-26.061354,24.750263,ADJ,476,False
cats,12.608451,12.132867,NOUN,665,False
broken,24.81,2.5800614,VERB,413,False
early,-4.332233,-21.17079,ADV,569,False
mother,-6.933248,37.714462,NOUN,430,False
march,-10.419622,-2.93621,PROPN,501,False
store,-6.3435893,-16.019356,NOUN,393,False
clock,-12.069681,6.924908,NOUN,518,True
hole,16.221714,-29.172092,NOUN,442,False
taste,-11.519801,-11.6781645,VERB,468,False
potato,1.4006486,-36.463192,NOUN,437,False
giving,19.181154,-29.297268,VERB,387,False
beans,7.9899216,-24.264252,NOUN,411,False
holding,-4.691754,-13.829634,VERB,466,False
owl,-24.90775,-12.258333,NOUN,490,False
laundry,-1.7360766,12.713864,NOUN,461,False
spicy,17.111546,-3.3782253,ADJ,450,False
couple,3.435404,-0.6218474,NOUN,496,False
easy,18.188894,-3.1537921,ADJ,440,False
learn,-33.519913,8.6424,VERB,477,False
seat,17.903782,34.078083,NOUN,479,False
somewhere,24.51336,13.311601,ADV,428,False
leia,0.9893952,19.515543,PROPN,845,False
closed,-20.337042,18.468594,VERB,547,False
coco,11.0423765,19.622478,PROPN,632,False
along,-9.09272,0.4045579,ADP,421,False
weird,-12.593841,30.085608,ADJ,513,False
helping,17.49548,-11.572574,VERB,428,False
swim,-24.805101,-24.778,VERB,344,False
lost,-1.7268578,36.09196,VERB,435,False
fox,-25.115337,-11.948389,NOUN,437,False
doctor,-35.941376,5.3063955,NOUN,506,False
line,0.009027315,-12.064685,NOUN,409,False
knows,2.9962223,-6.343691,VERB,457,False
crazy,-22.645132,18.335102,ADJ,415,False
stomp,-18.095406,1.4225627,ADJ,484,False
scoop,0.11154765,-27.10863,VERB,505,False
believe,14.200933,10.228708,VERB,381,False
amazing,-6.3939857,17.780577,ADJ,498,False
its,-27.1093,-22.279264,PRON,345,False
years,24.59523,7.146633,NOUN,525,False
crying,-9.292925,-10.292715,VERB,424,False
squeeze,-5.700754,0.13397767,VERB,412,False
lay,-1.3777044,6.8757873,VERB,314,False
f,-33.77835,-2.055379,PROPN,416,False
towel,0.89911425,-18.26958,NOUN,360,False
lights,-17.096533,-32.147198,NOUN,398,False
missing,25.31794,-22.894466,VERB,379,False
bang,-11.518874,-15.124012,PROPN,618,False
figure,27.630701,22.194593,VERB,447,False
chew,-5.9003034,-18.97126,VERB,523,False
hope,10.485164,31.18389,VERB,437,False
saturday,8.382511,36.111282,PROPN,463,False
j,-33.885147,-2.0549855,PROPN,392,False
shoe,-5.573826,13.549231,NOUN,453,True
looked,12.488931,-2.3514729,VERB,385,False
asking,18.623936,-18.102705,VERB,433,False
stickers,-30.400066,-10.601948,NOUN,432,False
z,-37.638332,-1.0380975,PROPN,558,False
butterfly,-19.398027,-15.563752,NOUN,510,True
duh,-6.5194106,-8.539073,INTJ,422,False
quite,-8.790957,24.457216,ADV,455,False
downstairs,-3.3715053,10.358619,ADV,354,False
wish,-9.486496,-7.441125,VERB,342,False
l,-36.001907,-4.0989842,PROPN,372,False
mind,15.170753,-14.21429,VERB,432,False
moving,44.02025,-5.2133365,VERB,445,False
cooking,3.8902004,-24.748339,VERB,498,False
arms,-17.598684,5.5018024,NOUN,430,False
leg,-28.932882,16.818869,NOUN,394,False
cover,-11.806908,35.12616,VERB,438,False
ok,28.909332,-15.656488,INTJ,516,False
swing,-15.159104,8.968919,NOUN,507,False
since,27.971737,-8.957209,SCONJ,454,False
booty,7.707721,17.078138,PROPN,643,False
exactly,14.976396,12.772672,ADV,401,False
gopro,1.4269499,16.874851,PROPN,462,False
leaves,-14.678646,-19.498096,NOUN,340,True
google,4.333488,15.706701,PROPN,557,False
panda,-23.524565,-15.155275,NOUN,465,False
soft,-23.22836,9.973831,ADJ,493,False
timer,1.069544,-2.6805053,NOUN,390,False
bib,7.2897983,-20.219858,NOUN,497,False
write,-32.74193,-9.737727,VERB,432,False
w,-33.30155,-0.35594425,PROPN,316,False
h,-36.400703,-2.135596,PROPN,396,False
words,-34.253754,-6.091791,NOUN,450,False
somebody,6.992272,8.368135,PRON,407,False
arm,10.877869,11.327811,NOUN,386,False
add,10.225238,22.63133,VERB,442,False
birds,-17.31893,-19.874754,NOUN,311,False
standing,-0.26815656,0.9444356,VERB,435,False
pie,-9.398806,9.054806,NOUN,506,False
feels,-18.124193,20.50217,VERB,389,False
dude,13.446626,8.30641,NOUN,436,False
telling,4.9995275,16.255356,VERB,368,False
course,15.51176,22.981167,NOUN,423,False
middle,-33.37572,23.723858,NOUN,389,False
friday,7.410746,36.894806,PROPN,354,False
sick,5.125423,14.506081,ADJ,477,False
worry,-9.811091,24.852713,VERB,443,False
mad,-12.248716,1.680762,ADJ,386,False
grass,-17.727297,-15.066882,NOUN,329,False
sea,-20.16839,-24.196594,NOUN,463,False
lid,6.217959,-30.786556,NOUN,341,False
works,28.141945,0.59344035,VERB,390,False
pictures,-12.885277,-3.7270138,NOUN,408,False
kick,-17.977037,-1.465953,VERB,474,False
trees,-14.0133295,-20.24007,NOUN,322,False
blanket,-6.0955772,7.9020724,NOUN,335,False
wiggle,-18.731789,5.782381,VERB,452,False
swimming,-10.800636,-5.2262206,VERB,315,False
least,17.338518,11.590625,ADJ,420,False
dear,6.442031,24.61206,ADJ,416,False
ursula,2.4069586,28.39182,PROPN,590,False
peppa,2.7579098,14.635839,PROPN,351,False
brought,34.34478,-21.402151,VERB,353,False
tight,-9.993883,26.367607,ADJ,379,False
date,0.736142,-2.2267284,NOUN,408,False
deep,-14.357793,2.0582144,ADJ,475,False
washing,2.4489706,-20.444439,VERB,455,False
daisy,-4.1824026,3.478394,PROPN,573,False
shower,16.726406,-19.34891,NOUN,388,False
buh,-21.496452,11.359827,INTJ,361,False
bar,12.901788,19.252172,NOUN,318,False
square,-35.79043,-8.6623535,NOUN,449,False
jada,11.524419,20.289686,PROPN,673,False
flip,-5.264385,-3.7953057,VERB,432,False
picked,-4.3439374,-6.3385625,VERB,356,False
empty,-1.1786449,-20.330704,ADJ,332,False
jayden,0.557682,-0.04008311,PROPN,598,False
problem,33.1976,7.0087256,NOUN,404,False
mickey,-3.4960265,2.0711825,PROPN,316,False
toot,-10.413561,-2.9350147,VERB,418,False
triangle,-35.71806,-8.650523,NOUN,425,False
glad,14.518687,-12.128396,ADJ,355,False
falling,-17.408419,8.026598,VERB,383,False
candy,-2.6265078,26.576942,NOUN,323,False
sleepy,-14.992614,-6.582435,ADJ,411,False
bought,-8.326929,15.982629,VERB,496,False
jaden,0.80553067,-0.06735437,PROPN,507,False
poe,13.161881,11.521234,PROPN,618,False
knew,-3.709411,7.850633,VERB,344,False
broke,24.775751,1.6488323,VERB,300,False
goodbye,11.8125305,-12.31742,INTJ,418,False
myself,2.4997542,30.020973,PRON,398,False
goose,-2.2817376,22.441923,NOUN,450,False
word,-13.044821,29.890371,NOUN,364,False
pour,0.5349125,-30.357763,VERB,361,False
free,28.285944,16.622097,ADJ,373,False
chip,-6.4542937,-14.758691,NOUN,394,False
sage,11.21174,20.60406,NOUN,571,False
usually,18.804667,2.2690866,ADV,408,False
stars,-43.25408,0.6209454,NOUN,403,False
u,-36.876213,-3.7972667,PROPN,323,False
uncle,-9.970324,17.350887,PROPN,515,False
yo,-24.938347,0.49020812,PROPN,559,False
soap,2.005825,-18.999432,NOUN,394,False
tummy,11.7431,-15.064938,NOUN,383,False
quiet,-13.447259,10.700127,ADJ,325,False
tongue,-27.659534,11.401241,NOUN,303,False
angry,-29.308826,7.361397,ADJ,414,False
sticker,-30.100674,-10.599353,NOUN,374,False
chop,0.94495726,-22.895472,PROPN,360,False
singing,4.715609,9.383249,VERB,337,False
stinky,1.0047855,-11.373637,ADJ,342,False
ago,-10.914583,19.110498,ADV,418,False
squish,-5.4723277,-0.19848612,ADJ,371,False
dirt,0.46775436,-15.378498,NOUN,341,False
carry,-8.487018,-10.904768,VERB,323,False
corn,-9.039738,-16.159933,NOUN,303,False
grow,10.005757,6.1436276,VERB,340,False
ho,11.519553,9.595261,PROPN,374,False
trains,-4.1464915,-26.68907,NOUN,307,False
lift,-9.509561,-13.461104,VERB,418,False
carrots,-10.939408,-17.531029,NOUN,366,False
save,-33.16153,0.66110617,VERB,358,False
treat,-28.797754,0.8629284,NOUN,306,False
monday,5.9955854,36.810024,PROPN,347,False
fridge,6.593748,-17.274864,NOUN,381,False
wall,-6.207407,-35.534588,NOUN,315,False
oatmeal,13.973177,-24.474604,ADJ,367,False
late,13.788017,4.193175,ADJ,350,False
road,-13.474078,-29.505241,NOUN,313,False
airplane,-13.07206,-25.986784,NOUN,334,True
dress,-4.1052117,8.473945,NOUN,360,False
upset,13.280728,-9.209811,ADJ,326,False
listening,28.162848,-8.596155,VERB,361,False
magic,21.977304,6.6815042,ADJ,344,False
elmo,-15.397602,-3.209355,PROPN,300,False
children,-16.551075,-3.556945,NOUN,306,False
goat,-27.194471,-19.196436,PROPN,316,False
ya,14.19648,33.803288,PROPN,404,False
tick,-11.998602,6.854023,PROPN,391,False
cry,-29.217686,3.1505978,VERB,332,False
send,18.299446,21.336548,VERB,362,False
carrot,-10.799685,-17.349693,NOUN,421,False
child,-10.988971,23.539648,NOUN,348,False
bingo,-30.178635,-3.0368621,PROPN,324,False
happening,10.136704,-18.980703,VERB,364,False
hooray,-15.508349,0.14628813,PROPN,366,False
forget,19.79511,14.591479,VERB,320,False
throwing,1.0274626,13.1293125,VERB,312,False
broccoli,-11.153015,-8.6494055,NOUN,355,False
dragon,-10.8250885,0.11699549,NOUN,310,False
bop,3.3571153,12.493052,NOUN,315,False
interesting,15.402048,13.271087,ADJ,345,False
peekaboo,-22.697876,12.471592,NOUN,398,False
sweetie,1.0498577,19.527494,PROPN,454,False
happens,37.554993,-8.304879,VERB,320,False
blueberry,11.91749,-28.007288,NOUN,373,False
smile,-27.390482,6.0122213,NOUN,347,False
knife,4.1458454,-22.05687,NOUN,341,True
meet,25.805498,26.913593,VERB,347,False
seems,18.266426,6.9764495,VERB,362,False
happen,10.033212,14.685149,VERB,357,False
zoom,6.8329525,6.603391,NOUN,305,False
takes,-21.861721,-2.29357,VERB,301,False
cups,2.8597994,-32.277718,NOUN,395,False
matter,3.980372,-14.172083,NOUN,380,False
bucket,-6.2341733,-11.1833725,NOUN,354,True
straight,21.98881,-17.488438,ADV,300,False
drinking,8.657142,-34.52871,VERB,337,False
piano,-15.057516,13.13357,NOUN,460,False
toothbrush,-3.8107226,15.30362,NOUN,331,False
glasses,-29.40145,7.681064,NOUN,315,False
follow,-6.66141,5.050656,VERB,333,False
bin,4.923832,-15.37538,PROPN,413,False
letters,-38.526146,-2.9433892,NOUN,357,False
hiding,-14.10999,-15.554887,VERB,306,False
salad,1.0068926,-37.24684,NOUN,320,False
plane,-13.363243,-25.888742,NOUN,370,False
sent,-15.978702,11.26045,VERB,347,False
king,7.8750153,-1.8644457,NOUN,301,False
dangerous,-8.094421,19.714928,ADJ,446,False
tissue,-6.9519005,-21.44717,NOUN,344,False
important,14.195532,-9.775201,ADJ,334,False
tape,5.504518,-1.8890235,NOUN,304,True
piggy,-26.74852,-15.959897,NOUN,357,False
tweet,-14.789094,-17.171352,NOUN,315,False
climbing,-24.02177,21.74842,VERB,325,False
band,13.5028515,21.194418,NOUN,359,False
land,-21.656288,-25.941832,NOUN,348,False
cheers,3.962643,-33.74605,NOUN,384,False
guitar,-9.150667,8.256712,NOUN,450,True
awesome,18.113081,23.172539,ADJ,332,False
tristan,1.9999195,24.424585,PROPN,551,False
block,-15.303837,-12.140297,NOUN,320,False
teacher,-16.083313,-3.4684951,NOUN,323,False
liam,5.9765654,20.467651,PROPN,544,False
anyone,23.441553,-2.0333283,PRON,340,False
watermelon,-10.40434,-15.752787,NOUN,377,False
engine,-5.3238244,-26.110992,NOUN,301,False
jacket,6.40535,12.9675045,NOUN,300,True
longer,-24.726374,17.031622,ADV,310,False
class,23.38788,6.191038,NOUN,306,False
pool,-6.5072546,-9.606382,NOUN,327,False
raining,-2.3253975,29.957119,VERB,307,False
battery,0.54364586,10.4475355,NOUN,336,False
bunch,16.29838,33.59475,NOUN,319,False
smart,24.270538,-5.96508,ADJ,321,False
anyway,10.43525,3.7077816,ADV,315,False
bluey,-29.880062,-2.594998,PROPN,312,False
pet,-17.80372,-10.493579,NOUN,324,False
beach,-6.5798836,-11.503064,NOUN,317,False
anna,-14.98739,15.959675,PROPN,422,False
yucky,-1.1570055,-7.0466313,ADJ,327,False
extra,32.64387,16.495277,ADJ,308,False
caterpillar,-19.837395,-14.975346,NOUN,334,False
x,-38.76573,-4.270833,PROPN,303,False
lucy,-1.2614938,23.063984,PROPN,475,False
sam,7.0031376,25.554258,PROPN,420,False
pan,4.0624914,-24.094572,NOUN,332,False
messy,-2.6776853,-17.19724,ADJ,339,False
snacks,7.2904863,3.631025,NOUN,314,False
eh,30.376703,14.462399,INTJ,362,False
fan,-9.296204,7.071092,NOUN,326,True
played,-11.275452,15.580842,VERB,300,False
team,-41.15298,1.2622476,NOUN,307,False
rinse,2.6187334,-18.0562,PROPN,355,False
margie,2.435446,28.360369,PROPN,360,False
crab,-22.898184,-22.887056,NOUN,300,False
mi,-6.111532,19.796677,PROPN,680,False
william,5.777697,20.47733,PROPN,432,False
pear,18.665125,-21.779554,VERB,322,False
max,10.983504,2.8270707,PROPN,346,False
noah,3.3399372,20.37207,PROPN,449,False
thomas,1.7234454,28.041538,PROPN,376,False
mango,-11.30961,-8.539548,PROPN,388,False
daughter,27.40124,-12.206669,NOUN,318,False
hazel,-1.3723764,22.818285,PROPN,428,False
punks,13.059004,11.668323,NOUN,407,False
poke,-7.7500205,-1.8685977,VERB,346,False
nya,-16.365028,-6.9634295,PROPN,457,False
addy,4.4203415,27.311365,PROPN,307,False
sofia,-0.7879603,26.185219,PROPN,411,False
april,8.662312,15.64214,PROPN,321,False
shoulders,-17.562447,3.541508,NOUN,320,False
ruff,-22.941662,-9.191295,NOUN,338,False
drum,-10.95634,8.954596,NOUN,314,False
kaya,10.848435,20.630276,PROPN,379,False
momo,0.3286754,15.237913,PROPN,453,False
cutie,-3.9913878,23.50972,NOUN,319,False
squeak,-21.533722,-7.844642,ADJ,309,False
tykee,4.188462,24.760199,PROPN,319,False
seoyoon,-11.976912,18.002476,PROPN,401,False
june,7.0304155,27.581114,PROPN,340,False
ang,-13.444706,20.23527,PROPN,376,False
samantha,6.6465044,25.242533,PROPN,363,False
mii,-5.824022,19.006372,NOUN,368,False
july,6.9346733,27.569887,PROPN,303,False
bing,-19.412813,-30.645868,PROPN,337,False
pororo,-12.04219,18.5688,PROPN,485,False
kento,-6.817025,19.361586,PROPN,322,False
kong,-13.429166,18.015043,PROPN,342,False
el,-24.516104,-3.2386558,PROPN,388,False
gon,1.9316041,-0.49707985,VERB,7033,False
ca,9.35332,-16.53778,AUX,5739,False
aigoo,-12.649175,18.661188,PROPN,329,False
