"age","word","p","n_admin","form","measure"
12,"airplane",0.219512195121951,615,"WG","understands"
12,"apple",0.268292682926829,615,"WG","understands"
12,"ball",0.769105691056911,615,"WG","understands"
12,"balloon",0.360975609756098,615,"WG","understands"
12,"bed",0.377235772357724,615,"WG","understands"
12,"bike",0.141463414634146,615,"WG","understands"
12,"bird",0.323577235772358,615,"WG","understands"
12,"boot",0.11869918699187,615,"WG","understands"
12,"bottle",0.564227642276423,615,"WG","understands"
12,"bowl",0.169105691056911,615,"WG","understands"
12,"butterfly",0.11869918699187,615,"WG","understands"
12,"button",0.134959349593496,615,"WG","understands"
12,"cake",0.11219512195122,615,"WG","understands"
12,"cat",0.489430894308943,615,"WG","understands"
12,"chair",0.230894308943089,615,"WG","understands"
12,"cheese",0.346341463414634,615,"WG","understands"
12,"clock",0.0910569105691057,615,"WG","understands"
12,"cookie",0.269918699186992,615,"WG","understands"
12,"crib",0.27479674796748,615,"WG","understands"
12,"dog",0.663414634146341,615,"WG","understands"
12,"doll",0.224390243902439,615,"WG","understands"
12,"hat",0.32520325203252,615,"WG","understands"
12,"jacket",0.165853658536585,615,"WG","understands"
12,"juice",0.24390243902439,615,"WG","understands"
12,"key",0.307317073170732,615,"WG","understands"
12,"meat",0.0894308943089431,615,"WG","understands"
12,"necklace",0.0878048780487805,615,"WG","understands"
12,"pants",0.227642276422764,615,"WG","understands"
12,"pen",0.108943089430894,615,"WG","understands"
12,"phone",0.391869918699187,615,"WG","understands"
12,"pizza",0.104065040650407,615,"WG","understands"
12,"rock",0.0926829268292683,615,"WG","understands"
12,"shoe",0.453658536585366,615,"WG","understands"
12,"socks",0.390243902439024,615,"WG","understands"
12,"spoon",0.302439024390244,615,"WG","understands"
12,"train",0.191869918699187,615,"WG","understands"
12,"tree",0.198373983739837,615,"WG","understands"
12,"turtle",0.126829268292683,615,"WG","understands"
12,"tv",0.269918699186992,615,"WG","understands"
12,"watch",0.102439024390244,615,"WG","understands"
16,"airplane",0.642682926829268,820,"WG","understands"
16,"apple",0.708536585365854,820,"WG","understands"
16,"ball",0.973170731707317,820,"WG","understands"
16,"balloon",0.809756097560976,820,"WG","understands"
16,"bed",0.781707317073171,820,"WG","understands"
16,"bike",0.428048780487805,820,"WG","understands"
16,"bird",0.820731707317073,820,"WG","understands"
16,"boot",0.267073170731707,820,"WG","understands"
16,"bottle",0.774390243902439,820,"WG","understands"
16,"bowl",0.580487804878049,820,"WG","understands"
16,"butterfly",0.36219512195122,820,"WG","understands"
16,"button",0.525609756097561,820,"WG","understands"
16,"cake",0.264634146341463,820,"WG","understands"
16,"cat",0.835365853658537,820,"WG","understands"
16,"chair",0.770731707317073,820,"WG","understands"
16,"cheese",0.715853658536585,820,"WG","understands"
16,"clock",0.346341463414634,820,"WG","understands"
16,"cookie",0.796341463414634,820,"WG","understands"
16,"crib",0.584146341463415,820,"WG","understands"
16,"dog",0.947560975609756,820,"WG","understands"
16,"doll",0.579268292682927,820,"WG","understands"
16,"hat",0.770731707317073,820,"WG","understands"
16,"jacket",0.446341463414634,820,"WG","understands"
16,"juice",0.81219512195122,820,"WG","understands"
16,"key",0.826829268292683,820,"WG","understands"
16,"meat",0.218292682926829,820,"WG","understands"
16,"necklace",0.280487804878049,820,"WG","understands"
16,"pants",0.557317073170732,820,"WG","understands"
16,"pen",0.436585365853659,820,"WG","understands"
16,"phone",0.858536585365854,820,"WG","understands"
16,"pizza",0.38780487804878,820,"WG","understands"
16,"rock",0.421951219512195,820,"WG","understands"
16,"shoe",0.957317073170732,820,"WG","understands"
16,"socks",0.853658536585366,820,"WG","understands"
16,"spoon",0.758536585365854,820,"WG","understands"
16,"train",0.530487804878049,820,"WG","understands"
16,"tree",0.589024390243902,820,"WG","understands"
16,"turtle",0.320731707317073,820,"WG","understands"
16,"tv",0.747560975609756,820,"WG","understands"
16,"watch",0.39390243902439,820,"WG","understands"
18,"airplane",0.704960835509138,383,"WG","understands"
18,"apple",0.819843342036554,383,"WG","understands"
18,"ball",0.971279373368146,383,"WG","understands"
18,"balloon",0.751958224543081,383,"WG","understands"
18,"bed",0.819843342036554,383,"WG","understands"
18,"bike",0.613577023498694,383,"WG","understands"
18,"bird",0.830287206266319,383,"WG","understands"
18,"boot",0.616187989556136,383,"WG","understands"
18,"bottle",0.77023498694517,383,"WG","understands"
18,"bowl",0.681462140992167,383,"WG","understands"
18,"butterfly",0.516971279373368,383,"WG","understands"
18,"button",0.462140992167102,383,"WG","understands"
18,"cake",0.336814621409922,383,"WG","understands"
18,"cat",0.859007832898172,383,"WG","understands"
18,"chair",0.778067885117493,383,"WG","understands"
18,"cheese",0.801566579634465,383,"WG","understands"
18,"clock",0.336814621409922,383,"WG","understands"
18,"cookie",0.663185378590078,383,"WG","understands"
18,"crib",0.590078328981723,383,"WG","understands"
18,"dog",0.939947780678851,383,"WG","understands"
18,"doll",0.571801566579634,383,"WG","understands"
18,"hat",0.81201044386423,383,"WG","understands"
18,"jacket",0.66579634464752,383,"WG","understands"
18,"juice",0.493472584856397,383,"WG","understands"
18,"key",0.736292428198433,383,"WG","understands"
18,"meat",0.266318537859008,383,"WG","understands"
18,"necklace",0.295039164490862,383,"WG","understands"
18,"pants",0.754569190600522,383,"WG","understands"
18,"pen",0.530026109660574,383,"WG","understands"
18,"phone",0.806788511749347,383,"WG","understands"
18,"pizza",0.498694516971279,383,"WG","understands"
18,"rock",0.490861618798956,383,"WG","understands"
18,"shoe",0.913838120104439,383,"WG","understands"
18,"socks",0.856396866840731,383,"WG","understands"
18,"spoon",0.741514360313316,383,"WG","understands"
18,"train",0.681462140992167,383,"WG","understands"
18,"tree",0.676240208877285,383,"WG","understands"
18,"turtle",0.467362924281984,383,"WG","understands"
18,"tv",0.618798955613577,383,"WG","understands"
18,"watch",0.331592689295039,383,"WG","understands"
18,"airplane",0.279251170046802,641,"WS","produces"
18,"apple",0.485179407176287,641,"WS","produces"
18,"ball",0.820592823712949,641,"WS","produces"
18,"balloon",0.435257410296412,641,"WS","produces"
18,"basket",0.0702028081123245,641,"WS","produces"
18,"bed",0.277691107644306,641,"WS","produces"
18,"bike",0.199687987519501,641,"WS","produces"
18,"bird",0.474258970358814,641,"WS","produces"
18,"boot",0.234009360374415,641,"WS","produces"
18,"bottle",0.36817472698908,641,"WS","produces"
18,"bowl",0.171606864274571,641,"WS","produces"
18,"bucket",0.0686427457098284,641,"WS","produces"
18,"butterfly",0.135725429017161,641,"WS","produces"
18,"button",0.179407176287051,641,"WS","produces"
18,"cake",0.16380655226209,641,"WS","produces"
18,"camera",0.0483619344773791,641,"WS","produces"
18,"cat",0.455538221528861,641,"WS","produces"
18,"chair",0.27613104524181,641,"WS","produces"
18,"cheese",0.474258970358814,641,"WS","produces"
18,"clock",0.177847113884555,641,"WS","produces"
18,"cookie",0.405616224648986,641,"WS","produces"
18,"crib",0.0795631825273011,641,"WS","produces"
18,"dog",0.722308892355694,641,"WS","produces"
18,"doll",0.265210608424337,641,"WS","produces"
18,"hat",0.435257410296412,641,"WS","produces"
18,"jacket",0.138845553822153,641,"WS","produces"
18,"juice",0.37597503900156,641,"WS","produces"
18,"key",0.291731669266771,641,"WS","produces"
18,"knife",0.0608424336973479,641,"WS","produces"
18,"meat",0.0842433697347894,641,"WS","produces"
18,"necklace",0.0811232449297972,641,"WS","produces"
18,"pants",0.196567862714509,641,"WS","produces"
18,"pen",0.101404056162246,641,"WS","produces"
18,"phone",0.213728549141966,641,"WS","produces"
18,"pizza",0.209048361934477,641,"WS","produces"
18,"rock",0.190327613104524,641,"WS","produces"
18,"sandwich",0.0608424336973479,641,"WS","produces"
18,"shoe",0.641185647425897,641,"WS","produces"
18,"socks",0.372854914196568,641,"WS","produces"
18,"spoon",0.322932917316693,641,"WS","produces"
18,"tape",0.0421216848673947,641,"WS","produces"
18,"train",0.234009360374415,641,"WS","produces"
18,"tree",0.297971918876755,641,"WS","produces"
18,"turtle",0.168486739469579,641,"WS","produces"
18,"tv",0.204368174726989,641,"WS","produces"
18,"watch",0.117004680187207,641,"WS","produces"
24,"airplane",0.721544715447154,985,"WS","produces"
24,"apple",0.841624365482234,985,"WS","produces"
24,"ball",0.954314720812183,985,"WS","produces"
24,"balloon",0.80507614213198,985,"WS","produces"
24,"basket",0.38469387755102,985,"WS","produces"
24,"bed",0.734010152284264,985,"WS","produces"
24,"bike",0.627670396744659,985,"WS","produces"
24,"bird",0.793908629441624,985,"WS","produces"
24,"boot",0.662944162436548,985,"WS","produces"
24,"bottle",0.653455284552846,985,"WS","produces"
24,"bowl",0.623983739837398,985,"WS","produces"
24,"bucket",0.372708757637475,985,"WS","produces"
24,"butterfly",0.577235772357724,985,"WS","produces"
24,"button",0.532994923857868,985,"WS","produces"
24,"cake",0.696846388606307,985,"WS","produces"
24,"camera",0.347914547304171,985,"WS","produces"
24,"cat",0.815228426395939,985,"WS","produces"
24,"chair",0.709644670050761,985,"WS","produces"
24,"cheese",0.829441624365482,985,"WS","produces"
24,"clock",0.479102956167176,985,"WS","produces"
24,"cookie",0.811167512690355,985,"WS","produces"
24,"crib",0.375,985,"WS","produces"
24,"dog",0.882233502538071,985,"WS","produces"
24,"doll",0.50559511698881,985,"WS","produces"
24,"hat",0.786802030456853,985,"WS","produces"
24,"jacket",0.547208121827411,985,"WS","produces"
24,"juice",0.765482233502538,985,"WS","produces"
24,"key",0.634146341463415,985,"WS","produces"
24,"knife",0.414634146341463,985,"WS","produces"
24,"meat",0.369918699186992,985,"WS","produces"
24,"necklace",0.354674796747967,985,"WS","produces"
24,"pants",0.660913705583756,985,"WS","produces"
24,"pen",0.428280773143438,985,"WS","produces"
24,"phone",0.67005076142132,985,"WS","produces"
24,"pizza",0.690040650406504,985,"WS","produces"
24,"rock",0.60183299389002,985,"WS","produces"
24,"sandwich",0.430315361139369,985,"WS","produces"
24,"shoe",0.893401015228426,985,"WS","produces"
24,"socks",0.693401015228426,985,"WS","produces"
24,"spoon",0.7248730964467,985,"WS","produces"
24,"tape",0.316004077471967,985,"WS","produces"
24,"train",0.752284263959391,985,"WS","produces"
24,"tree",0.730964467005076,985,"WS","produces"
24,"turtle",0.593686354378819,985,"WS","produces"
24,"tv",0.625380710659899,985,"WS","produces"
24,"watch",0.388379204892966,985,"WS","produces"
30,"airplane",0.857881136950904,785,"WS","produces"
30,"apple",0.9328165374677,785,"WS","produces"
30,"ball",0.961240310077519,785,"WS","produces"
30,"balloon",0.89922480620155,785,"WS","produces"
30,"basket",0.631782945736434,785,"WS","produces"
30,"bed",0.863049095607235,785,"WS","produces"
30,"bike",0.832041343669251,785,"WS","produces"
30,"bird",0.886304909560723,785,"WS","produces"
30,"boot",0.768733850129199,785,"WS","produces"
30,"bottle",0.806201550387597,785,"WS","produces"
30,"bowl",0.789405684754522,785,"WS","produces"
30,"bucket",0.624031007751938,785,"WS","produces"
30,"butterfly",0.817829457364341,785,"WS","produces"
30,"button",0.733850129198966,785,"WS","produces"
30,"cake",0.868217054263566,785,"WS","produces"
30,"camera",0.675710594315245,785,"WS","produces"
30,"cat",0.917312661498708,785,"WS","produces"
30,"chair",0.844961240310077,785,"WS","produces"
30,"cheese",0.882428940568475,785,"WS","produces"
30,"clock",0.691214470284238,785,"WS","produces"
30,"cookie",0.945736434108527,785,"WS","produces"
30,"crib",0.647286821705426,785,"WS","produces"
30,"dog",0.9328165374677,785,"WS","produces"
30,"doll",0.697674418604651,785,"WS","produces"
30,"hat",0.866925064599483,785,"WS","produces"
30,"jacket",0.739018087855297,785,"WS","produces"
30,"juice",0.886304909560723,785,"WS","produces"
30,"key",0.782945736434108,785,"WS","produces"
30,"knife",0.674418604651163,785,"WS","produces"
30,"meat",0.560723514211886,785,"WS","produces"
30,"necklace",0.585271317829457,785,"WS","produces"
30,"pants",0.84625322997416,785,"WS","produces"
30,"pen",0.665374677002584,785,"WS","produces"
30,"phone",0.830749354005168,785,"WS","produces"
30,"pizza",0.903100775193798,785,"WS","produces"
30,"rock",0.764857881136951,785,"WS","produces"
30,"sandwich",0.733850129198966,785,"WS","produces"
30,"shoe",0.928940568475452,785,"WS","produces"
30,"socks",0.810077519379845,785,"WS","produces"
30,"spoon",0.830749354005168,785,"WS","produces"
30,"tape",0.580103359173127,785,"WS","produces"
30,"train",0.887596899224806,785,"WS","produces"
30,"tree",0.848837209302326,785,"WS","produces"
30,"turtle",0.801033591731266,785,"WS","produces"
30,"tv",0.861757105943152,785,"WS","produces"
30,"watch",0.604651162790698,785,"WS","produces"
