"word","b_produce","n_prod","p_produce","b_comprehend","n_comp","p_comprehend"
"mommy*",-4.6033311387813,14190,0.811486962649753,-4.68905161051615,5123,0.931680655865704
"daddy*",-4.55490065414407,14190,0.807329105003524,-4.30600407114515,5123,0.913136833886395
"bye",-3.66310221053191,14189,0.726055395024315,-3.43715819367243,5123,0.856724575444076
"ball",-3.6246723176282,14190,0.722410147991543,-2.87552509774427,5123,0.808120242045676
"uh oh",-3.45159175839317,14190,0.70584918957012,-1.89548805095038,5123,0.699590083935194
"no",-3.03640807553955,14189,0.665163154556346,-3.1814212706675,5123,0.835838375951591
"dog",-2.9971688469706,14190,0.66138125440451,-2.31475073267498,5123,0.74956080421628
"hi",-2.9344949497841,14190,0.655109231853418,-2.53526129065104,5123,0.77376537185243
"woof woof",-2.5724153897104,14188,0.619114744854807,-1.19952671477149,5123,0.607066172164747
"baby",-2.45514099836293,14190,0.607399577167019,-1.32197630446839,5123,0.624048409135272
"banana",-2.4431323451237,14190,0.606201550387597,-1.55984634240854,5123,0.65625609994144
"moo",-2.40074636351374,14188,0.601987595150832,-0.413071996164156,5123,0.494046457154011
"book",-2.36612685321594,14190,0.598520084566596,-2.43398466605406,5123,0.762834276790943
"shoe",-2.24382150879298,14190,0.586257928118393,-1.42333529754929,5123,0.63790747608823
"meow",-2.16099635247435,14188,0.578094164082323,-0.906034631373622,5123,0.565488971305875
"baa baa",-2.15462018787165,14188,0.577459825204398,-0.703009140935546,5123,0.536209252391177
"grrr",-1.96290322746544,14182,0.558242843040474,-0.239960394574629,5123,0.468865898887371
"car",-1.8959170445653,14190,0.551797040169133,-1.58927189657149,5123,0.6601600624634
"eye",-1.87807514784772,14189,0.549933046726337,-0.595443158373034,5123,0.520593402303338
"grandma*",-1.83520931836143,14189,0.545774896046233,-1.6694567445894,5123,0.670700761272692
"yum yum",-1.82012283433724,14181,0.544108313941189,-1.22752052773643,5123,0.610970134686707
"cat",-1.81661266433149,14189,0.544012967791952,-1.18974941912692,5123,0.605699785282061
"nose",-1.74639525443059,14190,0.536997885835095,-1.15908771916912,5123,0.601405426507906
"bird",-1.72916685712993,14188,0.535382012968706,-0.541767785853444,5123,0.512785477259418
"duck",-1.72270320704353,14188,0.534747674090781,-0.303096174397206,5123,0.478040210813976
"yes",-1.69898712708851,14188,0.532351282774175,-1.27813837630591,5123,0.617997267226235
"thank you",-1.67020780326671,14190,0.529598308668076,-0.527015255551964,5123,0.51063829787234
"quack quack",-1.66516550910583,14186,0.529042718172846,-0.288328498313385,5123,0.475893031426898
"balloon",-1.63850342311429,14188,0.526430786580209,-0.496177053668052,5123,0.506148740972087
"apple",-1.60964179106259,14190,0.523678646934461,-0.0781289085918846,5123,0.445442123755612
"milk",-1.57712068042592,14189,0.520473606314751,-1.6262575063905,5123,0.66504001561585
"ouch",-1.57495088869117,14189,0.520332652054408,-0.500198924174448,5123,0.506734335350381
"bubbles",-1.5162691305986,14188,0.514519312094728,0.0782876334922501,5123,0.422994339254343
"night night",-1.49593989271649,14185,0.51244272118435,-1.60995540468273,5123,0.662892836228772
"cheese",-1.46395308414809,14189,0.509479174008034,-0.258777653376052,5123,0.471598672652743
"bath",-1.43627850826613,14188,0.506766281364533,-2.53526129065103,5123,0.77376537185243
"vroom",-1.42898311184846,14178,0.505713076597545,-0.0997744521958738,5123,0.44856529377318
"cookie",-1.41731875088844,14188,0.504933746828306,-0.308465090760556,5123,0.478821003318368
"hot",-1.35664651246229,14185,0.499048290447656,0.0455073660590121,5123,0.427679094280695
"grandpa*",-1.29281289938237,14187,0.492916049904842,-0.854385642335256,5123,0.558071442514152
"please",-1.28980360424952,14189,0.492705617027275,0.61671515221514,5123,0.348233456958813
"water",-1.28766644124021,14189,0.49242370850659,-1.27249910561268,5123,0.617216474721843
"ear",-1.28472313479259,14187,0.492070205117361,-0.24533779750562,5123,0.469646691391763
"hat",-1.28104706468394,14190,0.491825229034531,-0.364808316426287,5123,0.487019324614484
"juice",-1.26853389558929,14190,0.490697674418605,-0.0997744521958735,5123,0.44856529377318
"shh/shush/hush",-1.21394206423371,14187,0.485373933883132,-0.46534610779972,5123,0.501659184071833
"fish",-1.15247686845357,14187,0.479593994502009,0.346805883819996,5123,0.385125902791333
"kitty",-1.1435614118589,14179,0.478454051766697,-0.703009140935546,5123,0.536209252391177
"bottle",-1.11309112281782,14187,0.475717205892719,-1.46081369160414,5123,0.642982627366777
"all gone",-1.10638978453635,14185,0.475149806133239,-1.95996742812693,5123,0.707593207105212
"choo choo",-1.09372790027714,14186,0.473988439306358,0.505543802370847,5123,0.363263712668358
"hello",-1.03997229983148,14187,0.468879960527243,-1.05664391996744,5123,0.586960765176654
"truck",-1.02125611884885,14185,0.467042650687346,0.258823217911776,5123,0.397423384735507
"up",-0.996516636472545,14187,0.464862197786706,-0.418433665183792,5123,0.494827249658403
"peekaboo",-0.990513716349237,14190,0.464341085271318,-2.70856171836187,5123,0.791723599453445
"more",-0.972476551957116,14184,0.462492949802594,-0.792075211050923,5123,0.549092328713644
"go",-0.913706552810864,14187,0.457108620568126,-0.443900488392439,5123,0.498536014054265
"diaper",-0.879675261182068,14185,0.453718716954529,-2.02697189367835,5123,0.715791528401327
"owie/boo boo",-0.872862537060808,14187,0.453161344893212,0.887799413081304,5123,0.312707398008979
"bear",-0.855424579698031,14185,0.451603806838209,0.278302406786538,5123,0.394690610970135
"child's own name",-0.822766783681987,14189,0.448657410670238,-3.1814212706675,5123,0.835838375951591
"cup",-0.815920210811343,14189,0.447952639368525,-1.03599739966184,5123,0.584032793285184
"cracker",-0.791538138779001,14183,0.445533385038426,-0.417093259054526,5123,0.494632051532305
"hair",-0.785444476130008,14189,0.445133554161675,-0.492155306601895,5123,0.505563146593793
"sock",-0.754890788564456,14187,0.442235849721576,-0.817786097638707,5123,0.552801093109506
"cow",-0.693562823603448,14187,0.436737858602946,0.0605217345623391,5123,0.425531914893617
"mine",-0.625737708464029,14184,0.430414551607445,1.21816145344275,5123,0.271910989654499
"mouth",-0.608723298013455,14185,0.428762777581953,-0.626334044034406,5123,0.525082959203592
"eat",-0.607948772018297,14186,0.428873537290286,-1.6754410483482,5123,0.671481553777084
"airplane",-0.565302701645772,14186,0.42492598336388,0.415859275051279,5123,0.375561194612532
"down",-0.555971718990649,14182,0.423988153998026,-0.277585253973032,5123,0.474331446418114
"spoon",-0.552871650620864,14189,0.423849460849954,-0.213059875824686,5123,0.464961936365411
"tree",-0.548200932363827,14186,0.423304666572677,0.645900153592272,5123,0.344329494436853
"outside",-0.517816708813015,14185,0.420585125132182,-1.09390502887764,5123,0.5922311145813
"door",-0.50299292736819,14187,0.419257066328329,-0.450602178974115,5123,0.499512004684755
"bus",-0.447416394370061,14189,0.414405525407005,1.20341444669281,5123,0.273667772789381
"flower",-0.430912547789576,14183,0.412606641754213,0.522751209144531,5123,0.360921335155182
"bed",-0.42305989718911,14187,0.412067385634736,-0.674737938174377,5123,0.532110091743119
"belly button",-0.409677657611887,14184,0.410744500846024,0.0277839864738324,5123,0.430216669919969
"boat",-0.40190891156467,9063,0.585788370296811,NA,NA,NA
"foot",-0.393923264266999,14185,0.409376101515686,-0.66801080885547,5123,0.531134101112629
"keys",-0.374986199208392,14185,0.40768417342263,-0.496177053668053,5123,0.506148740972087
"bunny",-0.367873990658403,14183,0.407107100049355,0.181285588372743,5123,0.408354479796994
"blanket",-0.359188749443227,14188,0.406399774457288,-0.375535349239108,5123,0.488580909623268
"horse",-0.354441326353871,14187,0.406075985056742,0.640052361518608,5123,0.345110286941245
"puppy",-0.33621903646594,14181,0.404202806572174,-0.014393156873995,5123,0.436267811829006
"train",-0.322747826154988,14186,0.403143944734245,0.798482487035612,5123,0.32422408744876
"moon",-0.310041136158609,14182,0.40177690029615,1.62122248330194,5123,0.226429826273668
"light",-0.306082328820494,14188,0.401677473921624,0.379146756980843,5123,0.380636345891079
"pig",-0.278236895883965,14186,0.399266882842239,0.472677275775258,5123,0.367753269568612
"chair",-0.260701277353517,14187,0.397617537181927,0.0291465388437474,5123,0.430021471793871
"hand",-0.221547497523063,14188,0.394206371581618,-0.207676908605157,5123,0.464181143861019
"monkey",-0.20873237817567,14188,0.393219622215957,0.833122629377858,5123,0.319734530548507
"toe",-0.191083032555982,14186,0.391442267023826,0.269949311488387,5123,0.395861799726723
"telephone",-0.172601369326045,14185,0.389777934437786,-0.867961115891254,5123,0.560023423775132
"head",-0.158924408332259,14185,0.388579485371872,0.159236135629667,5123,0.411477649814562
"bee",-0.157312589485882,14184,0.388536379018613,1.57392600744927,5123,0.231504977552215
"kiss",-0.15087020016436,14184,0.38797236322617,-1.77208877920169,5123,0.683974233847355
"pizza",-0.0935336604118764,14187,0.383026714597871,1.70284157682771,5123,0.217841108725356
"cold",-0.0886707687263439,14187,0.382674279269754,1.09362418809234,5123,0.286941245364045
"tummy",-0.067583071854739,14186,0.380656985760609,-0.311149331580542,5123,0.479211399570564
"toy",-0.0586318910960508,14178,0.379602200592467,-0.619616611922639,5123,0.524106968573102
"potty",-0.0415734774305405,14183,0.378269759571318,1.50773323552944,5123,0.238727308217841
"block",0.00735917865879378,14181,0.374021578167971,-0.0361173751121826,5123,0.439390981846574
"drink",0.0409257794793372,14179,0.371041681359757,-0.686850662346067,5123,0.533866874878001
"toothbrush",0.0795013480396133,14187,0.368012969620075,-0.297726659316395,5123,0.477259418309584
"home",0.0819705301336753,14187,0.367871995488828,0.184044884429332,5123,0.407964083544798
"tooth",0.0831042581307872,14185,0.367641875220303,0.403132185304397,5123,0.377317977747414
"bread",0.0976129850708003,14187,0.366532741241982,0.289451421081063,5123,0.393129025961351
"hug",0.100923511882673,14183,0.366142565042657,-1.04838080037214,5123,0.585789576420066
"tv",0.109157784862806,14187,0.36547543525763,-0.00487950747851483,5123,0.43490142494632
"shirt",0.115772843763803,14184,0.364777213761985,0.386193983326604,5123,0.37966035526059
"open",0.121539059534574,14187,0.364559103404525,0.0482360289955449,5123,0.427288698028499
"egg",0.137234010721656,14189,0.363239128902671,1.25277906139265,5123,0.267811829006442
"sit",0.137931575248528,9064,0.5272506619594,NA,NA,NA
"me",0.140566086211494,14181,0.362668359071998,1.53798848092597,5123,0.235408940074175
"pet's name",0.142001267907479,9059,0.526437796666299,NA,NA,NA
"boots",0.164567663233171,14187,0.360752801860859,1.84898530598571,5123,0.203006051141909
"pants",0.173704608851294,14185,0.359887204793796,0.521315662343045,5123,0.36111653328128
"bicycle",0.175374311043227,14182,0.359681286137357,1.34659138198949,5123,0.256880733944954
"arm",0.191385690535828,14185,0.358406767712372,0.883220992943931,5123,0.313292992387273
"cake",0.19280770201228,14185,0.358336270708495,2.21194426935583,5123,0.169236775326957
"brush",0.202787522301396,14185,0.35741980965809,-0.109236827489167,5123,0.449931680655866
"finger",0.206956727647745,14183,0.356976662201227,0.524187048551927,5123,0.360726137029085
"fork",0.222778587561603,14185,0.355727881565033,1.08725151171755,5123,0.287722037868436
"bathtub",0.225280935722626,14184,0.355470953186689,-0.85302871036225,5123,0.557876244388054
"frog",0.23114106081395,14178,0.354845535336437,1.33136127447754,5123,0.258637517079836
"bug",0.235306996745854,14180,0.354583921015515,1.68971828215468,5123,0.219207495608042
"buttocks/bottom*",0.260520200500068,9063,0.513626834381551,NA,NA,NA
"yucky",0.261207525408243,14180,0.352397743300423,0.391836127476096,5123,0.378879562756198
"ice cream",0.264548692380673,14183,0.35218218994571,1.51838156076364,5123,0.237556119461253
"off",0.276264209145779,14185,0.351357067324639,0.517010772065909,5123,0.361702127659574
"grapes",0.280786605739701,9063,0.511530398322851,NA,NA,NA
"on",0.316570222886425,14181,0.347789295536281,0.606531832379404,5123,0.349599843841499
"rain",0.326648149781323,14186,0.347032285351755,1.86082696382958,5123,0.201834862385321
"bowl",0.327499270689105,14184,0.346869712351946,0.747670720275927,5123,0.330860823736092
"doll",0.345215189382963,14177,0.345136488678846,0.505543802370847,5123,0.363263712668358
"star",0.35531520708675,14184,0.344543147208122,2.34795330566046,5123,0.157720085887175
"help",0.36966755931405,14185,0.343531899894254,1.44102775059955,5123,0.246144837009565
"elephant",0.377267260192825,14186,0.342943747356549,1.19687704012956,5123,0.274448565293773
"rock",0.386615056937195,14177,0.341609649432179,1.75015852881108,5123,0.212961155572907
"stop",0.395052328378112,14185,0.341416989777934,-0.187481605810653,5123,0.461253171969549
"turtle",0.395066271892979,14181,0.341231224878358,1.86280515829747,5123,0.201639664259223
"cereal",0.395911996117893,14182,0.341136652094204,0.369290710408033,5123,0.382002732773765
"box",0.412010043986024,14185,0.339866055692633,1.22473266753127,5123,0.271130197150107
"blue",0.419639922076881,14186,0.339419145636543,3.16199056729252,5123,0.101307827444857
"nap",0.425608407058101,14182,0.338668735016218,-0.896507366552036,5123,0.56412258442319
"swing",0.427306411974161,14181,0.338410549326564,0.531370654015781,5123,0.359750146398595
"chicken",0.451111243215755,14185,0.33676418752203,1.16920650229525,5123,0.277766933437439
"dirty",0.457074028526908,14185,0.336270708494889,0.86342797465362,5123,0.315830568026547
"yogurt",0.458231180945543,9064,0.492166813768756,NA,NA,NA
"out",0.469885684763416,14180,0.334978843441467,0.725397538311119,5123,0.333788795627562
"big",0.471582057274292,14183,0.334978495381795,1.67664842930853,5123,0.220573882490728
"bite",0.479263077375145,14183,0.334273425932454,-0.234582122305959,5123,0.468085106382979
"knee",0.481049739676504,14179,0.333874039071867,2.00680503832249,5123,0.187780597306266
"play",0.486952633843433,14183,0.333709370372982,0.348209447995907,5123,0.384930704665235
"go potty",0.491750093025618,9061,0.488467056616268,NA,NA,NA
"orange",0.498052935536776,14186,0.332863386437333,1.49888427929016,5123,0.239703298848331
"park",0.506608950256184,14185,0.332111385266126,1.18220522832019,5123,0.276205348428655
"sun",0.50663350032771,14181,0.331852478668641,1.97577432793519,5123,0.190708569197736
"pillow",0.525453845328993,14186,0.330537149302129,1.06660277519555,5123,0.29025961350771
"button",0.527187137483434,14183,0.330254530071212,1.27435867102187,5123,0.265274253367168
"lion",0.527189135028036,14183,0.33039554396108,1.30443303650906,5123,0.261760687097404
"wet",0.557256609656908,14183,0.327927800888388,1.26272442988644,5123,0.266640640249854
"sleep",0.585679814822461,14184,0.325648618161309,0.0878638914233142,5123,0.421627952371657
"jump",0.586532178776789,14185,0.325625660909411,1.56310501737096,5123,0.232676166308803
"walk",0.589975989926086,14186,0.325391230790921,-0.175357101287322,5123,0.459496388834667
"butterfly",0.611581292326901,14184,0.32353355893965,1.6692036458427,5123,0.22135467499512
"love",0.615028302048833,14186,0.323346961793317,0.861908554097928,5123,0.316025766152645
"house",0.615901614874935,14186,0.323205977724517,1.29772996476442,5123,0.262541479601796
"soap",0.630639689147583,14182,0.321745875052884,1.50950570709313,5123,0.238532110091743
"paper",0.637560618091686,14184,0.321277495769882,1.45846154179207,5123,0.244192855748585
"read",0.643647238107187,14181,0.320781327127847,0.141352741267734,5123,0.414015225453836
"pajamas",0.661872487186384,14182,0.319207446058384,0.201997611634045,5123,0.405426507905524
"see",0.675775118048416,14183,0.318268349432419,0.758094519294155,5123,0.329494436853406
"leg",0.677534351428905,14180,0.317842031029619,1.21323992815032,5123,0.272496584032793
"owl",0.683617517451606,14180,0.317489421720733,1.80790349510427,5123,0.207105211789967
"food",0.700180272565144,14180,0.31607898448519,0.0168881747432263,5123,0.431778254928753
"coat",0.705415044544377,14180,0.31558533145275,1.11920709172154,5123,0.283818075346477
"teddybear",0.708905162819657,14180,0.315444287729196,0.179906203094539,5123,0.408549677923092
"crayon",0.711425993993929,9060,0.464569536423841,NA,NA,NA
"snack",0.712463828827679,9058,0.464340914109075,NA,NA,NA
"cheerios",0.71502285300914,14179,0.314831793497426,-0.41575284574437,5123,0.494436853406207
"french fries",0.723656406775692,9060,0.463245033112583,NA,NA,NA
"candy",0.72724216163869,14181,0.313941188914745,2.42250843132247,5123,0.151668943978138
"dance",0.742986084247551,14183,0.312768807727561,-0.769099367433527,5123,0.545773960569979
"mouse",0.767560455989631,14178,0.310622090562844,1.82153541697454,5123,0.205738824907281
"sheep",0.771904467052855,14185,0.310609799083539,1.45322255831339,5123,0.244778450126879
"tickle",0.777212809297873,14180,0.309943582510578,0.21029377396273,5123,0.404255319148936
"ice",0.780778531174766,9060,0.457064017660044,NA,NA,NA
"slide",0.781579318857554,14184,0.309644670050761,1.05078312549258,5123,0.29221159476869
"clap",0.783832313092001,9061,0.456792848471471,NA,NA,NA
"call",0.797076149878871,9064,0.45553839364519,NA,NA,NA
"that",0.823027992746682,14175,0.306031746031746,1.54335515770729,5123,0.234823345695881
"towel",0.823835307749124,14187,0.306407274265172,1.21652029121495,5123,0.272106187780597
"cry",0.836207652643338,14186,0.305441985055689,0.69583143945398,5123,0.337692758149522
"strawberry",0.844092842982932,9061,0.450171062796601,NA,NA,NA
"grass",0.850230795557484,9061,0.449508884229114,NA,NA,NA
"tongue",0.858355542050193,14181,0.303363655595515,0.926114207016322,5123,0.307827444856529
"jacket",0.860970118616339,14187,0.303446817508987,1.10160291574654,5123,0.285965254733555
"cheek",0.863651471619386,14183,0.303038849326659,1.94507946091664,5123,0.193636541089206
"what",0.876955589541121,14184,0.302171460800902,1.34489615444702,5123,0.257075932071052
"clock",0.883189330930597,14179,0.301290641088934,2.14326383592205,5123,0.175287917235995
"tiger",0.905406081227258,14180,0.299717912552891,1.86280515829747,5123,0.201639664259223
"bathroom",0.912501607813336,14184,0.299210377890581,0.115264684158969,5123,0.417723989849697
"fall",0.916939931432652,14186,0.299097701959679,1.29605598568074,5123,0.262736677727894
"pool",0.925906192490412,14178,0.297855832980674,1.6303953618841,5123,0.225453835643178
"face",0.926779028450512,14181,0.29793385515831,1.01773842914964,5123,0.296310755416748
"table",0.93747115346766,14183,0.29718677289713,0.880170977288906,5123,0.313683388639469
"happy",0.942793794096412,14186,0.297053432962075,1.32124125986532,5123,0.259808705836424
"yellow",0.947432790502987,9066,0.439554378998456,NA,NA,NA
"boy",0.950886633324654,14179,0.296001128429367,2.20745842691083,5123,0.169627171579153
"glasses",0.954449487173079,14182,0.295797489775772,0.725397538311119,5123,0.333788795627562
"run",0.96608691776961,14180,0.294922425952045,1.62855874895606,5123,0.225649033769276
"carrots",0.967846946187526,14184,0.294909757473209,1.09681395552082,5123,0.286550849111849
"toast",0.994763174940569,14181,0.292574571609901,1.40813192680909,5123,0.249853601405427
"you",1.00374195074227,14181,0.292010436499542,1.04762577675308,5123,0.292601991020886
"red",1.01628132101778,14186,0.291273086141266,3.47815960470214,5123,0.0847159867265274
"bib",1.02100039112934,14177,0.290329406785639,0.322979930755648,5123,0.388444270934999
"broken",1.0262122484224,14183,0.290347599238525,2.68585182120009,5123,0.131758735116143
"look",1.03070322090334,14184,0.290045121263395,-0.654560965336599,5123,0.529182119851649
"good",1.05507033358387,14183,0.288091377000635,0.376329550550116,5123,0.381026742143275
"giraffe",1.05869418133781,14181,0.287708906283055,1.88266004426629,5123,0.199687682998243
"inside/in",1.06257003899858,9055,0.426504693539481,NA,NA,NA
"wash",1.07226343566454,14181,0.286651152951132,0.62691464119093,5123,0.346867070076127
"i",1.07406143077485,14181,0.286510119173542,2.50955292917658,5123,0.144837009564708
"clean",1.08760431652082,14186,0.285633723389257,0.989599480831271,5123,0.299824321686512
"noodles",1.09941608114235,14184,0.284616469261139,1.64143658685652,5123,0.22428264688659
"chin",1.09959400945935,9060,0.422626931567329,NA,NA,NA
"firetruck",1.10308273179481,14179,0.284082093236476,1.63223299747423,5123,0.22525863751708
"pancake",1.10994273536376,9056,0.421378091872792,NA,NA,NA
"green",1.11091256956558,9062,0.421761200617965,NA,NA,NA
"school",1.11303180728598,14182,0.283457904385841,2.5685576601131,5123,0.140347452664454
"plate",1.15402148805207,14181,0.280163599182004,1.60295241910442,5123,0.228381807534648
"shower",1.15529530203454,9061,0.416731045138506,NA,NA,NA
"corn",1.16462905746885,9056,0.415525618374558,NA,NA,NA
"kitchen",1.16769468086281,14183,0.279207501938941,0.452742870753759,5123,0.370486043333984
"this",1.17320900836613,14178,0.278671180702497,1.80790349510427,5123,0.207105211789967
"broom",1.17410387026944,14182,0.278663094062897,1.39265170394589,5123,0.251610384540308
"breakfast",1.17778636207491,14179,0.278298892728683,-0.321884912527592,5123,0.480772984579348
"blow",1.19146881812572,14183,0.277444828315589,0.555850669068154,5123,0.356431778254929
"night",1.1914874805244,14182,0.27746439148216,1.88066854420103,5123,0.199882881124341
"picture",1.19423870903129,14181,0.27706085607503,1.36018042319689,5123,0.25531914893617
"sky",1.19787559394178,14184,0.276931754089114,2.1345306544347,5123,0.176068709740386
"get",1.2107553819706,14180,0.275881523272214,-0.120045576454437,5123,0.45149326566465
"puzzle",1.21734074268501,9060,0.410154525386313,NA,NA,NA
"animal",1.226359804975,14181,0.274733798744799,1.31450925339515,5123,0.260589498340816
"my",1.22730172874093,14177,0.274458630175637,2.41275915356154,5123,0.15244973648253
"close",1.23550096172707,14185,0.274162848078957,0.346805883819996,5123,0.385125902791333
"girl",1.25765966244497,14180,0.272214386459803,2.4347507110759,5123,0.150692953347648
"give me five!",1.26083224056868,9061,0.405584372585807,NA,NA,NA
"hungry",1.26966648231579,14179,0.271316736018055,0.0359612480909478,5123,0.429045481163381
"peas",1.26968170883586,14178,0.271194808858795,1.49358556563143,5123,0.240288893226625
"lunch",1.27981629963707,14181,0.270573302305902,0.131734670066962,5123,0.415381612336522
"couch",1.28809556480629,14185,0.270074021854071,0.81050614716825,5123,0.322662502439977
"store",1.28997074290117,14183,0.269900585207643,1.82739650426661,5123,0.205153230528987
"stairs",1.29276553966755,14181,0.269515548973979,0.527059607392477,5123,0.360335740776889
"money",1.29368082849706,14182,0.269496544916091,2.86837209531651,5123,0.119266055045872
"dinner",1.3020442069419,14179,0.268777769941463,0.100186796508383,5123,0.419871169236775
"pen",1.30574790123104,14179,0.268495662599619,1.49888427929016,5123,0.239703298848331
"popcorn",1.30971667852072,9055,0.4,NA,NA,NA
"chocolate",1.31581590645384,9066,0.400066181336863,NA,NA,NA
"work",1.33359611627919,14179,0.266379857535792,2.52990713669767,5123,0.143275424555924
"gonna get you!",1.34201309523614,9051,0.396309800022097,NA,NA,NA
"stroller",1.34565470952673,14180,0.26558533145275,-0.559206653426588,5123,0.515323052898692
"push",1.34659714377488,14181,0.265566603201467,1.11600107637358,5123,0.284208471598673
"kick",1.34845330578404,14181,0.265425569423877,1.50065228933933,5123,0.239508100722233
"trash",1.36723758088175,14167,0.263146749488247,1.25112388843966,5123,0.26800702713254
"spaghetti",1.36807529557854,14177,0.263595965295902,1.92479723373747,5123,0.195588522350185
"stick",1.37426258916226,9055,0.393042517945886,NA,NA,NA
"vacuum",1.37458968415862,14179,0.263206149940052,0.90921986364035,5123,0.309974624243607
"cockadoodledoo",1.37459027585802,14178,0.263295246156016,1.42367731923875,5123,0.248096818270545
"sing",1.37922332032476,14182,0.263150472429841,1.0856597656607,5123,0.287917235994534
"coffee",1.39133972831756,14183,0.262215328209829,2.54015117048498,5123,0.142494632051532
"story",1.39192461762581,9062,0.391745751489737,NA,NA,NA
"snow",1.42600052312527,14185,0.259640465280226,3.11113680736912,5123,0.104235799336326
"soup",1.42845845899359,9064,0.387908208296558,NA,NA,NA
"potato chip",1.42859506134101,9053,0.387274936485143,NA,NA,NA
"in",1.4320036204835,5121,0.032024995118141,0.61671515221514,5123,0.348233456958813
"peanut butter",1.43693042670132,9057,0.386662250193221,NA,NA,NA
"room",1.45364210883952,9060,0.384988962472406,NA,NA,NA
"throw",1.45711629259797,14180,0.257193229901269,-0.0252589023943525,5123,0.43782939683779
"swim",1.46467710100031,14178,0.256524192410777,2.14107785275891,5123,0.175483115362093
"wanna/want to",1.47124782806225,14180,0.256135401974612,0.858871037491457,5123,0.316416162404841
"do",1.47667297805104,9060,0.382781456953642,NA,NA,NA
"medicine",1.47977714410673,14178,0.255254619833545,1.64697114366119,5123,0.223697052508296
"hit",1.48164601013736,14180,0.255359661495063,1.13366340893278,5123,0.282061292211595
"ride",1.48166801761566,14178,0.255254619833545,1.2943827195543,5123,0.262931875853992
"tissue/kleenex",1.48823281559761,9059,0.381278286786621,NA,NA,NA
"doctor",1.48928369612102,9060,0.381346578366446,NA,NA,NA
"pretty",1.49020047405979,14175,0.254462081128748,1.96960885375502,5123,0.19129416357603
"hurt",1.49393451157593,14180,0.254442877291961,2.06142218180101,5123,0.182705446027718
"raisin",1.49677264080412,14180,0.254160789844852,2.2412935799653,5123,0.166699199687683
"asleep",1.50151693350845,14179,0.253826080823753,1.40468628365342,5123,0.250243997657623
"squirrel",1.50716416065626,14181,0.253508215217545,2.27098259087385,5123,0.164161624048409
"sandwich",1.51134736039941,9059,0.378849762666961,NA,NA,NA
"window",1.51377642161609,14184,0.253031584884377,0.753624840828938,5123,0.3300800312317
"beans",1.51766332166229,9058,0.378229189666593,NA,NA,NA
"bad",1.52137386007633,14182,0.252432661119729,1.38236722739793,5123,0.252781573296896
"zipper",1.52899255346143,14181,0.251745292997673,2.01931397524024,5123,0.186609408549678
"zebra",1.53442914376016,9061,0.376779604900121,NA,NA,NA
"helicopter",1.5344630246471,9060,0.376600441501104,NA,NA,NA
"heavy",1.54079898679102,9058,0.375910797085449,NA,NA,NA
"here",1.55347352108812,9055,0.374378796245168,NA,NA,NA
"shorts",1.57476376871351,14176,0.248095372460497,2.37894189551234,5123,0.155182510247902
"babysitter's name",1.59575525947694,14177,0.246596600126966,1.40813192680909,5123,0.249853601405427
"where",1.61202174020039,14180,0.245698166431594,0.444215620025783,5123,0.371657232090572
"tractor",1.61667663768423,9061,0.368060920428209,NA,NA,NA
"aunt",1.61870148468925,14181,0.245116705450956,1.53263013309925,5123,0.235994534452469
"watch",1.6197419462254,14177,0.244833180503633,1.86874765847376,5123,0.201054069880929
"ant",1.62525177258065,9056,0.366939045936396,NA,NA,NA
"cook",1.62735130120908,9057,0.366677707850282,NA,NA,NA
"garbage",1.63253141136895,9064,0.366504854368932,NA,NA,NA
"fix",1.63470172642184,9061,0.36629511091491,NA,NA,NA
"cloud",1.63580614852882,9058,0.365754029587105,NA,NA,NA
"butter",1.63894447437273,14178,0.243546339399069,3.22478454965118,5123,0.0977942611750927
"sweater",1.64467663119445,14181,0.243212749453494,2.42495191447314,5123,0.15147374585204
"there",1.65340498286425,14176,0.242452031602709,1.49358556563143,5123,0.240288893226625
"nice",1.65627463551167,14178,0.242347298631683,1.7047207403807,5123,0.217645910599258
"napkin",1.6580857052101,9056,0.363295053003534,NA,NA,NA
"break",1.66590240359882,14179,0.241624938289019,3.07793644805453,5123,0.106187780597306
"hide",1.68137074360969,9060,0.361368653421634,NA,NA,NA
"applesauce",1.69524351003644,9056,0.359540636042403,NA,NA,NA
"hold",1.70051435622107,9059,0.359311182249696,NA,NA,NA
"bedroom",1.70068009608384,14181,0.239122769903392,0.72836234905296,5123,0.333398399375366
"potato",1.710120204335,9056,0.357994699646643,NA,NA,NA
"catch",1.72388582838523,9061,0.35691424787551,NA,NA,NA
"hamburger",1.72721129823604,9053,0.356014580801944,NA,NA,NA
"knife",1.73461980123809,9057,0.3554157005631,NA,NA,NA
"motorcycle",1.73571822751954,14175,0.236331569664903,2.5070210426264,5123,0.145032207690806
"lips",1.75909788658964,9060,0.353090507726269,NA,NA,NA
"dress",1.761024442359,14177,0.234534809903365,2.22770621764109,5123,0.167870388444271
"drive",1.76385968818028,14183,0.234717619685539,2.00888597841403,5123,0.187585399180168
"sleepy",1.76595048214482,14174,0.234161140115705,0.45843302501222,5123,0.369705250829592
"draw",1.7795250390447,14181,0.233481418799803,2.00057147212256,5123,0.18836619168456
"splash",1.78059713149403,14175,0.2331569664903,0.472677275775258,5123,0.367753269568612
"comb",1.79131237591839,14178,0.232402313443363,1.27435867102187,5123,0.265274253367168
"purse",1.80306418035667,14179,0.231610127653572,1.73493967783209,5123,0.21452274058169
"crib",1.80493223221295,14184,0.231739988719684,0.345402548581288,5123,0.385321100917431
"sink",1.81780836102006,14178,0.230497954577514,2.28942662063274,5123,0.162600039039625
"now",1.82175287635582,14177,0.230302602807364,2.60786728146539,5123,0.137419480772985
"high chair",1.82370692759467,14178,0.230074763718437,-0.161878593176938,5123,0.457544407573687
"climb",1.8255596759088,9055,0.345996686913308,NA,NA,NA
"carry",1.83200961906623,9055,0.345334069574821,NA,NA,NA
"give",1.83252513514132,14180,0.229689703808181,-0.783963104771131,5123,0.547921139957056
"black",1.83406571656228,9060,0.345584988962472,NA,NA,NA
"alligator",1.83518415922046,9057,0.345257811637408,NA,NA,NA
"present",1.85023972963974,9057,0.343601634095175,NA,NA,NA
"sister",1.85025961505788,14179,0.228224839551449,1.58840794083409,5123,0.229943392543432
"basket",1.85568503858618,9053,0.342648845686513,NA,NA,NA
"little",1.85823139111806,14176,0.227638261851016,2.84469621691581,5123,0.120827640054655
"find",1.86306439346801,9061,0.342677408674539,NA,NA,NA
"don't",1.87406322609128,14175,0.226455026455026,-0.812370352077721,5123,0.552020300605114
"fast",1.87692404357988,14181,0.226570763697906,2.90741816864542,5123,0.116728479406598
"pumpkin",1.88252306334619,9058,0.340362110841245,NA,NA,NA
"uncle",1.89867572942117,14182,0.225003525595826,2.16963725050888,5123,0.172945539722819
"brother",1.90475129790309,14178,0.224361687120892,1.50065228933933,5123,0.239508100722233
"stuck",1.91827041503852,9052,0.336389748121962,NA,NA,NA
"pattycake",1.92367941574811,14175,0.222857142857143,-0.163226777753908,5123,0.457739605699785
"camera",1.9343592103476,9059,0.335025941053096,NA,NA,NA
"penguin",1.93956001670437,14179,0.222018478030891,2.64249264797718,5123,0.134881905133711
"wipe",1.94362919293466,14176,0.221571670428894,1.12241546088718,5123,0.283427679094281
"tired",1.94659309183017,14178,0.221469882917196,0.809001739952252,5123,0.322857700566075
"like",1.95170041460483,9059,0.333480516613313,NA,NA,NA
"refrigerator",1.95250778010302,14182,0.221125370187562,0.918427898458152,5123,0.308803435487019
"muffin",1.95495367690191,9058,0.33296533451093,NA,NA,NA
"so big!",1.95605239616604,9058,0.332854934864208,NA,NA,NA
"knock",1.96046271255633,9054,0.332228849127457,NA,NA,NA
"pencil",1.96480459316376,9055,0.331750414135837,NA,NA,NA
"wait",1.96861486107382,14177,0.219863158637229,0.735781003778815,5123,0.332422408744876
"man",1.97561167427347,14177,0.219298864357763,3.10111913878132,5123,0.10482139371462
"street",1.9766862955247,9058,0.330646941929786,NA,NA,NA
"touch",1.98467616352542,14176,0.218679458239278,0.960076480772754,5123,0.303533086082374
"wind",1.98749579774041,9061,0.329764926608542,NA,NA,NA
"bucket",1.98873279715726,9054,0.329136293351005,NA,NA,NA
"popsicle",1.99314405826431,9051,0.328582477074356,NA,NA,NA
"have",2.00391189613565,9057,0.328033565198189,NA,NA,NA
"glass",2.01575981389305,14181,0.216627882377829,2.00057147212256,5123,0.18836619168456
"awake",2.01587278154124,9058,0.326893353941267,NA,NA,NA
"thirsty",2.01683317681513,14177,0.216477392960429,0.815021869960698,5123,0.322076908061683
"dark",2.03598150366578,14179,0.215247901826645,3.11113680736912,5123,0.104235799336326
"penis*",2.03872042535836,9060,0.324503311258278,NA,NA,NA
"too",2.04097763534311,9058,0.324354162066681,NA,NA,NA
"necklace",2.04102494439831,14179,0.214754213978419,2.4347507110759,5123,0.150692953347648
"bump",2.04711511991877,14178,0.214346170122725,2.14983259839753,5123,0.174702322857701
"sad",2.05508599021645,9062,0.323217832708011,NA,NA,NA
"empty",2.05736516267971,14173,0.213433994214351,1.42540865547035,5123,0.247901620144447
"beach",2.0604035443263,14172,0.213096246119108,3.20714052562962,5123,0.0987702518055827
"shovel",2.06125099655276,14180,0.213399153737659,2.97833158179595,5123,0.112238922506344
"talk",2.06180307544267,9057,0.322181737882301,NA,NA,NA
"turn around",2.08033343938455,9061,0.320494426663724,NA,NA,NA
"it",2.08578975732202,14173,0.211458406829888,2.75816596484603,5123,0.126683583837595
"soft",2.08672796646046,14177,0.211610354800028,1.80790349510427,5123,0.207105211789967
"careful",2.08676645730721,14175,0.211499118165785,0.050965231414866,5123,0.426898301776303
"scissors",2.09076008552448,14179,0.211298399040835,3.37582704521832,5123,0.0897911380050752
"back",2.09077345333417,14178,0.211313302299337,2.06566861278642,5123,0.182315049775522
"drop",2.09358118114805,9058,0.319054979024067,NA,NA,NA
"meat",2.11216687024318,14179,0.209887862331617,2.57897453824783,5123,0.139566660160062
"zoo",2.11833813294556,14177,0.209353177682161,3.5149133892226,5123,0.0829592035916455
"shopping",2.12666416180466,9055,0.315405853119823,NA,NA,NA
"pull",2.131659018415,14176,0.208450902934537,1.83522904297434,5123,0.204372438024595
"paint",2.1344075277027,9054,0.314667550254031,NA,NA,NA
"stand",2.13988607699266,9055,0.31419105466593,NA,NA,NA
"party",2.14288730170868,14178,0.207716179997179,3.91893913838423,5123,0.0657817684950224
"all",2.14599397052677,14176,0.207463318284424,2.67221172034504,5123,0.132734725746633
"game",2.14978002667909,9057,0.313238379154245,NA,NA,NA
"white",2.15089496709944,9057,0.313238379154245,NA,NA,NA
"bat",2.15545321049895,9050,0.312265193370166,NA,NA,NA
"loud",2.15975378194081,9056,0.312279151943463,NA,NA,NA
"friend",2.1685345985773,9058,0.311437403400309,NA,NA,NA
"play dough",2.17527448307247,9055,0.310436223081171,NA,NA,NA
"closet",2.1851184868553,9060,0.309823399558499,NA,NA,NA
"donut",2.18759597588079,9050,0.308950276243094,NA,NA,NA
"hammer",2.19031508631911,14174,0.204176661492874,2.76666512901622,5123,0.126097989459301
"share",2.19412528008233,9055,0.308779679734953,NA,NA,NA
"pretzel",2.21311062107916,9051,0.30648547121865,NA,NA,NA
"deer",2.22039000693928,14171,0.202102886175993,2.83881808232335,5123,0.121218036306851
"brown",2.23623816603183,9059,0.304890164477315,NA,NA,NA
"stay",2.24184162244902,9059,0.304338227177393,NA,NA,NA
"inside",2.24357046034417,5121,0.0185510642452646,1.26106515630126,5123,0.266835838375952
"sticky",2.249540747968,9061,0.303719236287386,NA,NA,NA
"morning",2.26178183979618,14179,0.199731998025249,2.68585182120009,5123,0.131758735116143
"plant",2.27020725420206,14176,0.198857223476298,1.93492051610305,5123,0.194612531719696
"pickle",2.27450362351367,9050,0.300331491712707,NA,NA,NA
"high",2.29230644988019,9054,0.298983874530594,NA,NA,NA
"some",2.30062728608625,14173,0.196782614831017,2.50955292917658,5123,0.144837009564708
"cut",2.31119062652226,9061,0.29753890299084,NA,NA,NA
"sweep",2.31252845863847,9054,0.296995802960018,NA,NA,NA
"lemme/let me",2.32154649697464,9053,0.296034463713686,NA,NA,NA
"bring",2.32347813900823,14183,0.195727279136995,-0.0429003152229027,5123,0.440366972477064
"smile",2.32681227739666,14177,0.195245820695493,0.972485157206512,5123,0.30197150107359
"a",2.34417320238514,9050,0.293591160220994,NA,NA,NA
"cute",2.35432445881881,14174,0.193241145759842,2.34558562908279,5123,0.157915284013273
"quiet",2.36316547710208,9057,0.292260130285967,NA,NA,NA
"scared",2.36477012927824,14179,0.192820368150081,3.64734880492958,5123,0.0769080616826078
"tape",2.37230092568923,9054,0.2909211398277,NA,NA,NA
"flag",2.3814631528922,9051,0.289802231797591,NA,NA,NA
"gentle",2.38278356229876,14179,0.191621411947246,0.267166577482037,5123,0.396252195978919
"under",2.3935449805086,14175,0.190687830687831,1.50065228933933,5123,0.239508100722233
"snowman",2.39573680534805,9063,0.289308176100629,NA,NA,NA
"this little piggy",2.39821013425521,9059,0.288883982779556,NA,NA,NA
"gloves",2.40032024838565,9062,0.28878834694328,NA,NA,NA
"turkey",2.40739476949083,14174,0.189713560039509,3.17577357054063,5123,0.100527034940465
"slipper",2.40747040457543,9054,0.287497238789485,NA,NA,NA
"put",2.40835793052364,14178,0.18987163210608,1.20668701512154,5123,0.273277376537185
"shoulder",2.4181252274915,9053,0.28642438970507,NA,NA,NA
"sick",2.42012584780202,14176,0.188981376975169,3.50258209912846,5123,0.0835447979699395
"oven",2.42644562138587,14180,0.188645980253879,2.22544861374107,5123,0.168065586570369
"hear",2.43458257828742,9060,0.285540838852097,NA,NA,NA
"chalk",2.44069157891811,9048,0.283930150309461,NA,NA,NA
"playground",2.44634465575876,9050,0.28353591160221,NA,NA,NA
"and",2.45083558989645,9052,0.283362792752983,NA,NA,NA
"wake",2.4530503827834,9054,0.283300198807157,NA,NA,NA
"stove",2.45426683794647,14181,0.186869755306396,2.58943884781839,5123,0.13878586765567
"make",2.45631544742343,9059,0.283364609780329,NA,NA,NA
"take",2.46094975189576,14174,0.186185974319176,1.88266004426629,5123,0.199687682998243
"spill",2.46120284522336,9050,0.282209944751381,NA,NA,NA
"shake",2.46428310517899,9060,0.282671081677704,NA,NA,NA
"build",2.47925394271867,9058,0.280967100905277,NA,NA,NA
"dry",2.4802988795016,14175,0.184973544973545,2.88330459565341,5123,0.118290064415382
"people",2.48883054005296,14178,0.184511214557766,2.71061661098895,5123,0.130001951981261
"lamb",2.49313545898752,14177,0.184242082245891,2.01096846680175,5123,0.18739020105407
"say",2.49973833463748,14175,0.183703703703704,1.28769675892342,5123,0.263712668358384
"belt",2.50228818127597,9055,0.278409718387631,NA,NA,NA
"windy",2.51146169871873,9057,0.277906591586618,NA,NA,NA
"feed",2.51164464286202,14175,0.182927689594356,1.87470209431527,5123,0.200468475502635
"lollipop",2.51864949492619,9049,0.276494640291745,NA,NA,NA
"away",2.51918909377358,14176,0.182491534988713,2.68038577596517,5123,0.132149131368339
"backyard",2.5279514508643,14174,0.18167066459715,1.59931038207562,5123,0.228772203786844
"washing machine",2.5346754101097,9053,0.275157406384624,NA,NA,NA
"garage",2.54975597375464,14173,0.180201792139984,2.61581098714764,5123,0.136833886394691
"dish",2.5530414438994,14173,0.179990122063078,2.26639247995666,5123,0.164552020300605
"finish",2.55796625057825,14185,0.180472329925978,1.91874021713364,5123,0.196174116728479
"goose",2.56186665288205,14172,0.179508890770533,2.79811593298571,5123,0.123950810072223
"full",2.56592419997031,9053,0.272395890864907,NA,NA,NA
"mittens",2.57144385985013,9060,0.272185430463576,NA,NA,NA
"why",2.57910748802296,14177,0.178669676236157,4.06888586739261,5123,0.0603162209642787
"rocking chair",2.58594034079269,14171,0.177757391856609,2.19850991402421,5123,0.170407964083545
"green beans",2.59027922201739,9054,0.270046388336647,NA,NA,NA
"better",2.5914076791546,9055,0.270127001656543,NA,NA,NA
"lawn mower",2.61963738603503,9049,0.266769808818654,NA,NA,NA
"nuts",2.64748355353879,9055,0.264715626725566,NA,NA,NA
"show",2.6486840218536,14174,0.17405107944123,1.20832426963073,5123,0.273082178411087
"movie",2.65068129361236,9061,0.264871426994813,NA,NA,NA
"farm",2.66253276292737,9059,0.263605254443095,NA,NA,NA
"jelly",2.66779324726992,9047,0.262186360119377,NA,NA,NA
"the",2.67246375289002,9048,0.261936339522546,NA,NA,NA
"melon",2.68864215245564,9055,0.260850358917725,NA,NA,NA
"ladder",2.69586070202521,9052,0.259832081307998,NA,NA,NA
"hose",2.69827701627451,9051,0.259529333775273,NA,NA,NA
"church*",2.70002270861591,14171,0.170559593536095,3.11113680736912,5123,0.104235799336326
"drawer",2.70640340615427,14179,0.170533888144439,1.80790349510427,5123,0.207105211789967
"sauce",2.71697623551799,9056,0.258171378091873,NA,NA,NA
"later",2.74147363798653,14173,0.168136597756297,3.06153860600378,5123,0.107163771227796
"living room",2.75014011943638,14181,0.167900712220577,1.91470921741265,5123,0.196564512980675
"lick",2.75142964909751,9056,0.255189929328622,NA,NA,NA
"hurry",2.76165879284883,14176,0.167042889390519,2.81256418827431,5123,0.122974819441733
"jeans",2.76840970122451,14177,0.166537349227622,3.32664724599595,5123,0.092328713644349
"write",2.76844533870434,14176,0.166619638826185,3.12120467726478,5123,0.103650204958032
"listen",2.78478786872273,9057,0.25218063376394,NA,NA,NA
"over",2.79003652162976,9048,0.250994694960212,NA,NA,NA
"soda/pop",2.7924285733683,9048,0.250552608311229,NA,NA,NA
"gonna/going to",2.79286071734856,9062,0.251820790112558,NA,NA,NA
"vitamins",2.79352372916416,9050,0.25060773480663,NA,NA,NA
"to",2.7947656712033,9049,0.250635429329208,NA,NA,NA
"pony",2.80152893358088,14172,0.164338131526955,2.76099534387748,5123,0.126488385711497
"chase",2.84270558522889,9053,0.246437644979565,NA,NA,NA
"teacher",2.84479987054169,14176,0.161822799097065,3.57355861029271,5123,0.0802264298262737
"buy",2.84495478924368,9056,0.246466431095406,NA,NA,NA
"sidewalk",2.84881041705032,9052,0.24569155987627,NA,NA,NA
"donkey",2.84942944080574,14175,0.161552028218695,2.96582400884734,5123,0.113019715010736
"sandbox",2.85254339377586,9050,0.245193370165746,NA,NA,NA
"underpants",2.85479564959834,9053,0.245222578150889,NA,NA,NA
"lamp",2.86671981147066,14175,0.160352733686067,2.65595260397146,5123,0.133905914503221
"who",2.87704456748644,14176,0.159918171557562,1.6729238957362,5123,0.220964278742924
"need/need to",2.87915308865299,9051,0.243067064412772,NA,NA,NA
"is",2.8793232569617,9048,0.242816091954023,NA,NA,NA
"hard",2.88173168073587,14175,0.15957671957672,3.74277417949174,5123,0.0728089010345501
"yard",2.90239840762993,9049,0.240689578959001,NA,NA,NA
"not",2.90864924433551,14170,0.157657021877205,3.05501639981915,5123,0.107554167479992
"try/try to",2.91553327368195,9054,0.240004417936824,NA,NA,NA
"fireman",2.91676390540541,9054,0.239783521095648,NA,NA,NA
"can",2.92317309842274,9049,0.23870040888496,NA,NA,NA
"rooster",2.92538410366871,9053,0.238926322765934,NA,NA,NA
"day",2.93388582700063,14177,0.156521125767088,3.31919142218697,5123,0.092719109896545
"pick",2.93408083960194,9051,0.238095238095238,NA,NA,NA
"lady",2.96097079589735,14174,0.154649357979399,3.35676243490223,5123,0.0907671286355651
"penny",2.9763586290075,14172,0.153542195879198,3.8483873174752,5123,0.0685145422603943
"taste",2.98177867798014,9056,0.234209363957597,NA,NA,NA
"mad",3.00646607449408,9057,0.232085679584851,NA,NA,NA
"did/did ya",3.01291700370369,9052,0.231109147149801,NA,NA,NA
"with",3.01679447356315,9051,0.230692741133576,NA,NA,NA
"noisy",3.0242620183833,9051,0.230029830957905,NA,NA,NA
"he",3.02438857610046,9049,0.229859653000332,NA,NA,NA
"gum",3.02665815375824,9052,0.229783473265577,NA,NA,NA
"wolf",3.0442163838382,9051,0.22815158546017,NA,NA,NA
"new",3.04757069247365,9057,0.22844208899194,NA,NA,NA
"pour",3.04788400280147,9052,0.228015908086611,NA,NA,NA
"radio",3.05908285923946,14177,0.148903152994287,2.67221172034504,5123,0.132734725746633
"dryer",3.08148109035031,9056,0.225154593639576,NA,NA,NA
"cover",3.09168312435454,9054,0.224210293792799,NA,NA,NA
"another",3.09289024168977,14174,0.146888669394666,2.52225353774182,5123,0.143861018934218
"clown",3.11857321900545,9049,0.221460934909935,NA,NA,NA
"jar",3.13894761171261,9048,0.219496021220159,NA,NA,NA
"garden",3.14633716736386,14172,0.143522438611346,3.18270114744286,5123,0.100136638688269
"nail",3.15098864071933,9056,0.219081272084806,NA,NA,NA
"slow",3.15376777652875,9054,0.218908769604595,NA,NA,NA
"moose",3.15887310779238,9054,0.218466975922244,NA,NA,NA
"police",3.22156811496142,9055,0.213031474323578,NA,NA,NA
"at",3.2283913283371,9051,0.212241741244061,NA,NA,NA
"first",3.24270362720894,9051,0.211026405921998,NA,NA,NA
"salt",3.26063126866283,9054,0.20952065385465,NA,NA,NA
"a lot",3.2944684967373,9055,0.206957482054114,NA,NA,NA
"fit",3.30007880409771,9051,0.206165064633742,NA,NA,NA
"tomorrow",3.31503856617917,14171,0.134006068731917,4.50234621576317,5123,0.0468475502635175
"jello",3.33842866536399,9049,0.2026743286551,NA,NA,NA
"these",3.3555484302501,9050,0.201436464088398,NA,NA,NA
"today",3.3565510549475,14175,0.131851851851852,4.34602814324763,5123,0.0513371071637712
"picnic",3.38073011265961,9051,0.199314992818473,NA,NA,NA
"am",3.38481598616163,9050,0.199005524861878,NA,NA,NA
"mailman",3.38616264166524,9050,0.19878453038674,NA,NA,NA
"she",3.39817150608585,9050,0.197900552486188,NA,NA,NA
"coke",3.42646260257393,9049,0.195380705050282,NA,NA,NA
"mop",3.43268343340453,9054,0.195162359178264,NA,NA,NA
"behind",3.43581253942162,9050,0.194806629834254,NA,NA,NA
"beads",3.44066070487266,14170,0.126887791107975,3.53148227992649,5123,0.0821784110872536
"on top of",3.44608191304886,9055,0.19436775262286,NA,NA,NA
"sneaker",3.44816498202763,9048,0.19341290893015,NA,NA,NA
"your",3.44824036273944,14172,0.126728760937059,2.03187930202634,5123,0.18543821979309
"for",3.45348498858175,9049,0.193281025527683,NA,NA,NA
"dump",3.45878151197347,9050,0.19292817679558,NA,NA,NA
"vagina*",3.46295984737777,9049,0.192286440490662,NA,NA,NA
"other",3.46912526294763,14172,0.125599774202653,3.67411164601033,5123,0.0757368729260199
"gas station",3.47226240831403,9051,0.191802010827533,NA,NA,NA
"sofa",3.47757742736055,9052,0.191338930623067,NA,NA,NA
"roof",3.48316824324189,9051,0.190807645564026,NA,NA,NA
"by",3.49808347752714,9051,0.189813280300519,NA,NA,NA
"after",3.55354046975084,9058,0.185913005078384,NA,NA,NA
"sprinkler",3.56753402437755,9047,0.183707306289378,NA,NA,NA
"tricycle",3.59084399242141,9050,0.182209944751381,NA,NA,NA
"pudding",3.6134974178579,9048,0.1802608311229,NA,NA,NA
"hafta/have to",3.61361425023459,9047,0.18028075605173,NA,NA,NA
"old",3.63594595176373,14172,0.116779565340107,4.94061078437224,5123,0.036111653328128
"glue",3.65645084537926,9054,0.177380163463662,NA,NA,NA
"her",3.66502364221687,14169,0.115110452396076,3.31919142218697,5123,0.092719109896545
"stone",3.70390089745575,9051,0.173351010938018,NA,NA,NA
"sled",3.70963062181833,9051,0.172909070820904,NA,NA,NA
"none",3.72529040657981,14172,0.112263618402484,2.87433247924401,5123,0.118875658793676
"how",3.73492154197986,14174,0.111824467334556,3.83361963872687,5123,0.0691001366386883
"long",3.75177158945659,9049,0.16974251298486,NA,NA,NA
"ankle",3.75727965277188,9051,0.169263064854712,NA,NA,NA
"around",3.7646497203063,9050,0.168839779005525,NA,NA,NA
"are",3.78086656485611,9049,0.167532324013703,NA,NA,NA
"we",3.79244512318143,9050,0.166740331491713,NA,NA,NA
"tiny",3.84553486393024,9050,0.162762430939227,NA,NA,NA
"him",3.84882683175615,9048,0.16235632183908,NA,NA,NA
"hen",3.86205325293062,9049,0.161454304343021,NA,NA,NA
"same",3.91047825192866,14175,0.10320987654321,4.06331024183884,5123,0.0605114190903767
"his",3.9276290615778,14169,0.102053779377514,3.3303859887086,5123,0.092133515518251
"bench",3.93127190711095,9049,0.156149850812244,NA,NA,NA
"rip",3.93410429948753,9050,0.156243093922652,NA,NA,NA
"be",3.94180784234455,9049,0.155597303569455,NA,NA,NA
"child",3.94857746577267,14175,0.101234567901235,3.37199891824377,5123,0.0899863361311731
"tuna",3.95238267257401,9050,0.154696132596685,NA,NA,NA
"porch",3.95600575288647,9047,0.154194760694153,NA,NA,NA
"fine",3.96072868004587,14174,0.100747848172711,4.67327531282149,5123,0.0423579933632637
"tear",3.96329517415278,9049,0.154050171289645,NA,NA,NA
"think",3.97210623968499,9051,0.153574190697161,NA,NA,NA
"any",3.97439406909765,9047,0.153089421907815,NA,NA,NA
"scarf",3.98842715487985,9054,0.152418820410868,NA,NA,NA
"those",4.02017348683782,9050,0.150055248618785,NA,NA,NA
"pretend",4.02599546014143,9052,0.149801148917366,NA,NA,NA
"gotta/got to",4.06416526457089,9049,0.146867057133385,NA,NA,NA
"myself",4.06572365078629,9049,0.146756547684827,NA,NA,NA
"because",4.06792741429746,9046,0.146363033384922,NA,NA,NA
"much",4.11370976603821,9047,0.143251906709406,NA,NA,NA
"time",4.11669133677135,9048,0.143015030946065,NA,NA,NA
"tonight",4.16278756551678,14171,0.0912426787100416,4.39888846898698,5123,0.0497755221549873
"next to",4.19254360953373,9048,0.137931034482759,NA,NA,NA
"will",4.19581639948386,9048,0.137709991158267,NA,NA,NA
"skate",4.2342119154133,9052,0.135329209014582,NA,NA,NA
"cowboy",4.24872229247636,9047,0.133856527025533,NA,NA,NA
"vanilla",4.28489457433152,9049,0.131616753232401,NA,NA,NA
"they",4.30391326281133,9047,0.130429976787885,NA,NA,NA
"tights",4.31628721044543,9051,0.129709424372997,NA,NA,NA
"does",4.31713378336223,9048,0.129641909814324,NA,NA,NA
"naughty",4.32794056456078,14168,0.0837803500846979,3.38735760454804,5123,0.0892055436267812
"person",4.35008617521483,14172,0.0830510866497319,3.60358802020891,5123,0.0788600429435877
"basement",4.36538895730039,9052,0.126601855943438,NA,NA,NA
"them",4.36833246314642,9048,0.12632625994695,NA,NA,NA
"was",4.38239939722984,9047,0.125345418370731,NA,NA,NA
"hers",4.40840430684239,9047,0.123687410191224,NA,NA,NA
"so",4.41125088510831,9049,0.123660072936236,NA,NA,NA
"last",4.41853359504055,9048,0.123121131741821,NA,NA,NA
"when",4.42552265087806,14173,0.0800112890707684,4.59700313659049,5123,0.0443099746242436
"tray",4.44308184464686,9048,0.121352785145889,NA,NA,NA
"into",4.56503943202172,9048,0.114058355437666,NA,NA,NA
"before",4.57088575004064,9047,0.113628827235548,NA,NA,NA
"but",4.58963106617232,9046,0.112425381384037,NA,NA,NA
"camping",4.60220268881018,9047,0.111639217420139,NA,NA,NA
"our",4.60327843255206,9049,0.111835561940546,NA,NA,NA
"babysitter",4.60406228472942,14169,0.0724821794057449,3.53564751354063,5123,0.0819832129611556
"of",4.61705162381798,9047,0.110865480269703,NA,NA,NA
"circus",4.62449022278979,9047,0.110312810876534,NA,NA,NA
"nurse",4.62861314688798,9046,0.109882821136414,NA,NA,NA
"play pen",4.6504066507417,14167,0.0705865744335427,2.66135922289456,5123,0.133515518251025
"snowsuit",4.65208549139997,9053,0.109024632718436,NA,NA,NA
"every",4.66582348196869,9047,0.107991599425224,NA,NA,NA
"then",4.7000606439661,9047,0.106001989609815,NA,NA,NA
"woods",4.73381945482415,9049,0.104099900541496,NA,NA,NA
"yesterday",4.77320731563173,9048,0.101900972590628,NA,NA,NA
"us",4.79382091879511,9046,0.100596948927703,NA,NA,NA
"beside",4.84823706990512,9049,0.0978008619736987,NA,NA,NA
"above",4.86133672634808,9047,0.0969382115618437,NA,NA,NA
"wish",4.92424733821081,9048,0.0936118479221928,NA,NA,NA
"their",4.93722710538886,9047,0.0928484580523931,NA,NA,NA
"downtown",5.03612109074002,9048,0.0876436781609195,NA,NA,NA
"poor",5.04384689299298,9046,0.08722087110325,NA,NA,NA
"could",5.08749643010313,9046,0.085009949148795,NA,NA,NA
"about",5.09410543536439,9046,0.0846783108556268,NA,NA,NA
"were",5.0972433789494,9048,0.0846595932802829,NA,NA,NA
"which",5.14088661863024,9049,0.0824400486241574,NA,NA,NA
"walker",5.17634546168572,9047,0.0804686636454073,NA,NA,NA
"if",5.3007979742353,9046,0.0747291620605793,NA,NA,NA
"an",5.32486042812573,9046,0.0736237010833518,NA,NA,NA
"hate",5.34902800530178,9049,0.0727152171510664,NA,NA,NA
"yourself",5.40601232530405,9046,0.069975679858501,NA,NA,NA
"each",5.49686838821838,9047,0.0660992594230132,NA,NA,NA
"would",5.50045327271798,9046,0.0657749281450365,NA,NA,NA
"country",5.78111807743208,9050,0.0546961325966851,NA,NA,NA
